"company","school","score","TOEIC","T.Speaking","OPIC","language","cert.ea_mean","overseas_exp","intern","prize","CSS"
"삼성전자(주)","고졸","-","551점","-","IM2","-","2.8개","2회","1.4회","2.4회","2.5회"
"삼성전자(주)","대학원졸","4.01/4.5","837점","Lv6","IM2","1.3개","2.1개","1.4회","1.3회","2.6회","2.5회"
"삼성전자(주)","초대졸","3.7/4.5","676점","Lv6","IM1","1.1개","2.5개","1.2회","1.3회","1.7회","1.6회"
"삼성전자(주)","대졸","3.69/4.5","843점","Lv6","IM3","1.2개","1.9개","1.3회","1.3회","2.1회","1.9회"
"LG전자(주)","고졸","-","955점","Lv7","-","-","2.2개","2회","1회","-","1회"
"삼성전자(주)","고졸","-","551점","-","IM2","-","2.8개","2회","1.4회","2.4회","2.5회"
"삼성전자(주)","대학원졸","4.01/4.5","837점","Lv6","IM2","1.3개","2.1개","1.4회","1.3회","2.6회","2.5회"
"삼성전자(주)","초대졸","3.7/4.5","676점","Lv6","IM1","1.1개","2.5개","1.2회","1.3회","1.7회","1.6회"
"삼성전자(주)","대졸","3.69/4.5","843점","Lv6","IM3","1.2개","1.9개","1.3회","1.3회","2.1회","1.9회"
"LG전자(주)","고졸","-","955점","Lv7","-","-","2.2개","2회","1회","-","1회"
"LG전자(주)","대학원졸","3.98/4.5","859점","Lv6","IM3","1.5개","1.8개","1.4회","1.4회","2.1회","1.9회"
"LG전자(주)","초대졸","3.62/4.5","653점","Lv4","-","1.1개","2.6개","1.1회","1.5회","1.2회","1.6회"
"LG전자(주)","대졸","3.65/4.5","830점","Lv6","IM3","1.1개","1.8개","1.2회","1.2회","1.4회","1.3회"
"에스케이하이닉스(주)","고졸","-","340점","-","-","2개","2.4개","2회","1회","3회","4회"
"에스케이하이닉스(주)","대학원졸","3.95/4.5","787점","Lv6","IM1","1.3개","1.7개","1.2회","2회","2.8회","2.5회"
"에스케이하이닉스(주)","초대졸","3.83/4.5","565점","-","-","1개","2.2개","1회","-","1.3회","1.8회"
"에스케이하이닉스(주)","대졸","3.68/4.5","829점","Lv6","IM3","1.1개","1.8개","1.2회","1.1회","1.3회","1.4회"
"삼성디스플레이 주식회사","고졸","-","356점","-","-","1개","2.4개","2회","1회","1.6회","1.3회"
"삼성디스플레이 주식회사","대학원졸","4.06/4.5","851점","Lv6","IM2","1개","1.7개","1.7회","1회","1회","1.3회"
"삼성디스플레이 주식회사","초대졸","3.71/4.5","417점","Lv4","IM1","-","2.4개","2회","2.5회","1.7회","1.2회"
"삼성디스플레이 주식회사","대졸","3.63/4.5","830점","Lv6","IM2","1.3개","1.9개","1.5회","1.1회","1.8회","1.6회"
"엘지디스플레이(주)","고졸","-","-","-","IM2","-","2.3개","-","1회","1회","1회"
"엘지디스플레이(주)","대학원졸","4/4.5","728점","Lv6","IM1","1개","1.3개","1.4회","-","1.7회","2회"
"엘지디스플레이(주)","초대졸","3.69/4.5","488점","-","IM1","1.3개","2.3개","1회","1.3회","1.5회","1.3회"
"엘지디스플레이(주)","대졸","3.64/4.5","813점","Lv6","IM2","1.2개","1.7개","1.2회","1.1회","1.7회","1.4회"
"(주)케이티","고졸","-","-","-","-","1개","2.1개","-","1회","-","-"
"(주)케이티","대학원졸","3.98/4.5","829점","Lv5","IM3","1.3개","2.4개","1.4회","1회","1.8회","3.5회"
"(주)케이티","초대졸","3.58/4.5","730점","-","-","1개","1.8개","1.3회","1회","-","1회"
"(주)케이티","대졸","3.64/4.5","844점","Lv6","IH","1.1개","2.1개","1.4회","1.3회","1.4회","1.6회"
"SK텔레콤(주)","고졸","-","-","-","-","1개","2.2개","2회","-","-","3회"
"SK텔레콤(주)","대학원졸","3.93/4.5","854점","Lv6","IM2","1개","2.5개","1.6회","1회","2회","4회"
"SK텔레콤(주)","초대졸","3.67/4.5","582점","-","-","1개","2.1개","1.3회","2회","1회","1회"
"SK텔레콤(주)","대졸","3.65/4.5","842점","Lv6","IM3","1.1개","1.9개","1.1회","1.2회","1.4회","1.3회"
"(주)LG유플러스","고졸","-","520점","-","-","-","1.6개","1회","3회","2회","2회"
"(주)LG유플러스","대학원졸","4.09/4.5","808점","-","IM2","-","2.5개","2회","-","-","-"
"(주)LG유플러스","초대졸","3.66/4.5","531점","Lv6","-","1개","1.9개","1.1회","1.2회","1.6회","1.7회"
"(주)LG유플러스","대졸","3.57/4.5","834점","Lv6","IH","1.2개","2개","1.2회","1.2회","1.5회","1.8회"
"삼성SDI(주)","고졸","-","-","-","-","-","2.1개","-","-","-","2회"
"삼성SDI(주)","대학원졸","4.11/4.5","900점","-","IM2","1.1개","1.8개","1.4회","1회","2.3회","1.7회"
"삼성SDI(주)","초대졸","3.39/4.5","643점","-","IM1","1개","2개","1회","-","1.7회","1회"
"삼성SDI(주)","대졸","3.71/4.5","803점","Lv6","IM3","1.4개","2.1개","1.3회","1.2회","1.8회","1.8회"
"삼성에스디에스(주)","대학원졸","3.96/4.5","888점","-","IM3","1.3개","1.8개","1.1회","1.5회","1회","1.6회"
"삼성에스디에스(주)","초대졸","3.82/4.5","756점","Lv6","IH","1개","2.9개","1.2회","-","2회","-"
"삼성에스디에스(주)","대졸","3.6/4.5","813점","Lv6","IM3","1.1개","1.9개","1.1회","1.1회","1.7회","1.4회"
"엘지이노텍(주)","고졸","-","515점","Lv5","-","-","1.9개","1회","1회","3회","1회"
"엘지이노텍(주)","대학원졸","4.05/4.5","758점","Lv5","IM2","1.2개","1.6개","1.3회","1회","4회","-"
"엘지이노텍(주)","초대졸","3.69/4.5","470점","-","-","1.5개","2.3개","1회","1회","1.7회","1.8회"
"엘지이노텍(주)","대졸","3.64/4.5","817점","Lv6","IH","1.1개","1.7개","1.1회","1회","1.4회","1.1회"
"삼성전기(주)","고졸","-","575점","-","NH","-","2.1개","1회","1회","1.3회","1.4회"
"삼성전기(주)","대학원졸","3.99/4.5","811점","Lv6","IM2","1.3개","2개","1.1회","1회","2회","1.4회"
"삼성전기(주)","초대졸","3.68/4.5","220점","-","IL","1.5개","2.2개","1회","-","2회","1.3회"
"삼성전기(주)","대졸","3.61/4.5","848점","Lv6","IM3","1.3개","2.1개","1.3회","1.2회","1.3회","2.7회"
"네이버(주)","대졸","3.46/4.5","890점","-","IH","1개","2.7개","1.5회","2회","2회","1.5회"
"(주)다우데이타","대졸","3.42/4.5","746점","Lv6","IM2","1개","2.1개","1.3회","1.3회","1.5회","2회"
"LS전선(주)","초대졸","3.56/4.5","695점","-","-","1개","2.4개","1회","-","1회","-"
"LS전선(주)","대졸","3.56/4.5","826점","Lv6","IH","1.1개","1.7개","1.2회","1.1회","1.7회","1.7회"
"(주)다우기술","초대졸","3.5/4.5","910점","Lv6","IM2","1개","2.3개","1회","1회","1회","2회"
"(주)다우기술","대졸","3.51/4.5","756점","Lv6","IM2","1.5개","2.1개","1.1회","1.4회","1.6회","1.8회"
"(주)카카오","고졸","-","-","-","-","1개","2개","1회","-","1회","1회"
"(주)카카오","대학원졸","4.12/4.5","875점","Lv7","-","1.4개","1.9개","1.3회","1.5회","1.5회","1.5회"
"(주)카카오","초대졸","3.66/4.5","620점","-","-","1개","1.8개","1회","1회","-","3회"
"(주)카카오","대졸","3.48/4.5","762점","Lv6","IM2","1.1개","2개","1.1회","1.6회","1.7회","1.9회"
"롯데하이마트(주)","고졸","-","-","-","-","-","2개","1회","1회","1.5회","2회"
"롯데하이마트(주)","초대졸","3.6/4.5","556점","-","-","1.1개","2개","1.3회","1.7회","1회","1.2회"
"롯데하이마트(주)","대졸","3.58/4.5","832점","Lv6","IM3","1.1개","1.9개","1.3회","1.3회","1.5회","2.1회"
"에스케이브로드밴드(주)","고졸","-","655점","-","-","1개","1.9개","1회","3회","-","2회"
"에스케이브로드밴드(주)","초대졸","3.6/4.5","640점","-","-","1개","2개","1회","-","-","-"
"에스케이브로드밴드(주)","대졸","3.65/4.5","835점","Lv6","AL","1.1개","1.9개","1.3회","1.2회","2.9회","1.9회"
"(주)씨제이이엔엠","초대졸","3.71/4.5","890점","Lv7","IM2","1개","2.2개","1.2회","1회","1회","1.8회"
"(주)씨제이이엔엠","대졸","3.61/4.5","863점","Lv6","IH","1.2개","1.7개","1.2회","1.3회","1.5회","1.4회"
"주식회사엘지씨엔에스","대학원졸","3.96/4.5","821점","Lv6","IM2","2개","3개","1회","2회","1.7회","1회"
"주식회사엘지씨엔에스","초대졸","3.66/4.5","635점","-","-","1개","2.5개","1회","2회","2회","2회"
"주식회사엘지씨엔에스","대졸","3.55/4.5","828점","Lv6","IM3","1.1개","1.9개","1.1회","1.2회","1.3회","1.4회"
"삼성전자판매 주식회사","고졸","-","850점","-","-","-","2.1개","1회","-","1회","2회"
"삼성전자판매 주식회사","초대졸","3.62/4.5","630점","Lv6","IL","1개","2.2개","1.6회","2회","2.3회","2.1회"
"삼성전자판매 주식회사","대졸","3.48/4.5","762점","Lv6","IM3","1.2개","2.2개","1.6회","1.4회","1.9회","2.1회"
"주식회사 하이프라자","고졸","-","-","-","-","-","1.7개","-","-","4회","-"
"주식회사 하이프라자","초대졸","3.53/4.5","565점","-","-","-","2.5개","-","1회","6회","2회"
"주식회사 하이프라자","대졸","3.51/4.5","780점","Lv6","IL","1.5개","2.1개","1.2회","1.7회","1.6회","1.7회"
"앰코테크놀로지코리아(주)","고졸","-","-","-","-","-","2개","-","-","2회","-"
"앰코테크놀로지코리아(주)","대학원졸","4.09/4.5","798점","Lv6","IM3","1개","1.5개","1.1회","1회","1회","1회"
"앰코테크놀로지코리아(주)","초대졸","3.7/4.5","629점","Lv4","-","-","2.2개","1회","1.3회","1.9회","1.2회"
"앰코테크놀로지코리아(주)","대졸","3.67/4.5","848점","Lv6","IM3","1.1개","2개","1.5회","1.4회","1.3회","1.7회"
"희성전자주식회사","초대졸","3.41/4.5","-","-","-","-","2.7개","-","2회","-","3회"
"희성전자주식회사","대졸","3.47/4.5","712점","Lv6","-","-","1.9개","1회","1회","-","1.5회"
"넷마블(주)","대졸","3.51/4.5","824점","Lv6","IM3","1개","1.6개","1.6회","1.3회","1.9회","1.8회"
"주식회사 유라","대졸","3.38/4.5","812점","Lv6","IM2","1.3개","2.4개","1.2회","1.2회","1.7회","1.6회"
"(주)엔씨소프트","고졸","-","-","-","-","-","1.7개","-","-","1회","-"
"(주)엔씨소프트","대학원졸","3.88/4.5","846점","-","IM2","1개","2.3개","1회","-","5.5회","2.5회"
"(주)엔씨소프트","초대졸","3.68/4.5","577점","-","-","1개","2.4개","1.3회","-","1.5회","1회"
"(주)엔씨소프트","대졸","3.47/4.5","820점","Lv6","IM3","1.1개","2.1개","1.3회","1.3회","1.8회","1.7회"
"엘에스일렉트릭 주식회사","고졸","-","-","-","-","-","3개","-","-","-","-"
"엘에스일렉트릭 주식회사","대학원졸","4.12/4.5","728점","Lv6","IL","1.5개","1.4개","1회","-","1.5회","1회"
"엘에스일렉트릭 주식회사","초대졸","3.56/4.5","-","-","-","2개","1.9개","-","-","-","-"
"엘에스일렉트릭 주식회사","대졸","3.65/4.5","796점","Lv6","IM2","1개","2개","1회","1회","1회","1.6회"
"(주)아이티센","대졸","3.6/4.5","809점","-","IL","1개","2.3개","1회","1.8회","1.8회","1.8회"
"(주)한샘","초대졸","3.47/4.5","-","-","-","-","2.3개","1회","1회","2회","-"
"(주)한샘","대졸","3.83/4.5","770점","Lv6","-","1개","1.5개","1회","2회","-","2회"
"씨제이이앤엠(주)","초대졸","3.71/4.5","890점","Lv7","IM2","1개","2.2개","1.2회","1회","1회","1.8회"
"씨제이이앤엠(주)","대졸","3.61/4.5","863점","Lv6","IH","1.2개","1.7개","1.2회","1.3회","1.5회","1.4회"
"SK실트론 주식회사","초대졸","3.69/4.5","485점","-","-","1개","3.4개","1회","-","2회","-"
"SK실트론 주식회사","대졸","3.6/4.5","799점","Lv6","IM2","1개","1.6개","1.1회","1회","2회","1.8회"
"엔에이치엔(주)","초대졸","3.42/4.5","-","-","-","1개","2.8개","-","2회","-","1회"
"엔에이치엔(주)","대졸","3.56/4.5","788점","Lv6","-","1개","2.5개","1회","1.3회","1.3회","2.1회"
"(주)크래프톤","대졸","3.79/4.5","890점","Lv5","IM2","3개","2.6개","1.5회","2회","3회","2.5회"
"한화시스템(주)","대학원졸","4.16/4.5","765점","-","IL","1개","1.7개","1.3회","1회","5회","2회"
"한화시스템(주)","초대졸","3.6/4.5","525점","-","IL","-","2.6개","2회","-","1회","1회"
"한화시스템(주)","대졸","3.7/4.5","812점","Lv6","IM3","1개","1.7개","1.1회","1회","1회","1.4회"
"대한전선(주)","고졸","-","-","-","-","-","3.5개","-","-","5회","-"
"대한전선(주)","대학원졸","3.83/4.5","841점","Lv7","IM2","1개","1.9개","1.5회","1.5회","1회","1.3회"
"대한전선(주)","초대졸","3.43/4.5","598점","-","-","1개","2.1개","1.3회","3회","1회","3회"
"대한전선(주)","대졸","3.57/4.5","810점","Lv7","IM2","1개","2개","1.2회","1회","1.4회","1.8회"
"삼지전자(주)","초대졸","3.53/4.5","-","-","-","-","2.7개","1회","-","-","-"
"삼지전자(주)","대졸","3.35/4.5","712점","-","IM2","1개","2.6개","2회","-","1회","1.5회"
"현대오토에버(주)","대학원졸","3.99/4.5","747점","-","IM1","1개","1.1개","1.4회","1회","3.3회","3회"
"현대오토에버(주)","초대졸","3.48/4.5","685점","-","-","1개","2.5개","1회","1회","-","1.3회"
"현대오토에버(주)","대졸","3.69/4.5","841점","Lv6","IM3","1개","1.7개","1.3회","1.1회","1.5회","1.5회"
"소니코리아주식회사","고졸","-","-","-","-","-","1.5개","-","-","-","-"
"소니코리아주식회사","초대졸","3.54/4.5","488점","-","-","1.3개","1.9개","1회","2.5회","1회","1.5회"
"소니코리아주식회사","대졸","3.56/4.5","787점","Lv6","IM1","1.4개","2.1개","1.3회","1.3회","4회","1.3회"
"(주)뉴옵틱스","고졸","-","-","-","-","1개","1.3개","1회","-","-","-"
"(주)뉴옵틱스","초대졸","3.66/4.5","-","-","-","1개","2.1개","1회","-","-","2회"
"(주)뉴옵틱스","대졸","3.44/4.5","733점","Lv5","NH","1개","2.5개","1.7회","3회","1회","1회"
"(주)엠씨넥스","고졸","-","-","-","-","1개","1.7개","-","-","-","-"
"(주)엠씨넥스","초대졸","3.55/4.5","780점","-","-","1개","1.9개","1.2회","3회","-","1회"
"(주)엠씨넥스","대졸","3.56/4.5","747점","-","IM1","1.8개","2.3개","1.4회","2.5회","2.7회","1.8회"
"한화큐셀코리아(주)","대졸","3.66/4.5","704점","Lv6","IH","1개","2.3개","1.5회","1.5회","-","2.5회"
"(주) 넥슨코리아","초대졸","3.72/4.5","712점","-","-","-","1.3개","1회","1.3회","1회","1회"
"(주) 넥슨코리아","대졸","3.55/4.5","804점","Lv6","IM2","1개","1.8개","1.1회","1.2회","1.7회","2.3회"
"세방전지(주)","대졸","3.76/4.5","827점","Lv7","IM3","1개","2개","1.3회","-","2회","2.3회"
"(주)지에스홈쇼핑","고졸","-","-","-","-","-","1.5개","1회","-","1회","-"
"(주)지에스홈쇼핑","초대졸","3.78/4.5","-","-","-","1개","1.8개","1회","1회","1.5회","1.5회"
"(주)지에스홈쇼핑","대졸","3.5/4.5","886점","Lv7","IH","1개","1.7개","1.2회","1.5회","1.4회","1.5회"
"(주)심텍","고졸","-","410점","-","-","1개","1.6개","1회","1회","1회","-"
"(주)심텍","초대졸","3.54/4.5","-","-","-","-","2개","1회","3회","1.5회","1회"
"(주)심텍","대졸","3.43/4.5","825점","Lv5","IM1","1.4개","2.1개","1.2회","1.3회","-","2회"
"한솔테크닉스(주)","고졸","-","-","-","-","1개","1.5개","-","-","1회","-"
"한솔테크닉스(주)","초대졸","3.61/4.5","250점","-","-","1.5개","1.9개","1회","1.3회","2.8회","1.7회"
"한솔테크닉스(주)","대졸","3.46/4.5","808점","Lv6","IL","1.3개","2.1개","1.3회","1회","3회","1.3회"
"(주)파트론","고졸","-","-","-","-","-","2.2개","-","1회","-","1회"
"(주)파트론","초대졸","3.84/4.5","380점","-","-","1.5개","2.7개","1회","1회","2회","-"
"(주)파트론","대졸","3.52/4.5","679점","Lv6","IM1","1개","2.3개","1.2회","1.4회","1.6회","1.8회"
"(주)엘엑스세미콘","대학원졸","3.87/4.5","674점","Lv5","IM1","1개","2.6개","1회","1회","1회","1회"
"(주)엘엑스세미콘","대졸","3.62/4.5","789점","Lv6","IM3","1개","2.9개","1.7회","2회","1.5회","1.8회"
"서울반도체(주)","고졸","-","-","-","-","-","2개","1.5회","1회","-","-"
"서울반도체(주)","대학원졸","3.98/4.5","736점","Lv6","IM2","1.3개","1.3개","1.5회","1회","1.6회","2.5회"
"서울반도체(주)","초대졸","3.51/4.5","470점","-","-","1개","2.2개","1회","1회","1.8회","1회"
"서울반도체(주)","대졸","3.66/4.5","797점","Lv6","IM2","1.1개","2.3개","1.2회","1.2회","2.4회","1.6회"
"주식회사 네오플","초대졸","3.67/4.5","648점","-","-","1개","1.8개","-","1회","1회","1회"
"주식회사 네오플","대졸","3.48/4.5","749점","-","IL","1개","2개","1.2회","-","3회","2회"
"주식회사 문화방송","고졸","-","-","-","-","1.3개","2.2개","-","1회","1회","1회"
"주식회사 문화방송","대학원졸","4.12/4.5","894점","Lv6","IM3","1개","1.9개","1.2회","1회","1회","1.7회"
"주식회사 문화방송","초대졸","3.63/4.5","583점","-","-","1.3개","2.3개","1.1회","1회","1.7회","2회"
"주식회사 문화방송","대졸","3.51/4.5","791점","Lv6","IH","1.2개","1.7개","1.3회","1.5회","1.7회","1.9회"
"주식회사 우아한형제들","대졸","3.58/4.5","828점","Lv6","IM2","1.7개","2.6개","1회","2회","1.8회","2.9회"
"(주)엘지헬로비전","고졸","-","-","-","-","-","3개","-","-","3회","2.8회"
"(주)엘지헬로비전","대졸","3.69/4.5","827점","Lv6","IM2","1개","2개","1회","1.2회","1.5회","1.1회"
"(주)드림텍","고졸","-","-","-","-","-","2개","1회","-","-","-"
"(주)드림텍","초대졸","3.97/4.5","-","-","-","-","1.9개","-","-","1회","-"
"(주)드림텍","대졸","3.55/4.5","821점","Lv6","IM1","1개","2.4개","1.4회","2회","1.6회","1.9회"
"(주)컴퓨존","고졸","-","-","-","-","-","1.6개","2회","-","-","-"
"(주)컴퓨존","초대졸","3.45/4.5","569점","-","-","-","2.2개","1.5회","3회","2.3회","2회"
"(주)컴퓨존","대졸","3.34/4.5","724점","-","-","1개","2.2개","2.5회","2회","1회","1.9회"
"주식회사 DB하이텍","초대졸","3.72/4.5","795점","-","IM1","-","2.3개","1회","-","1.7회","2회"
"주식회사 DB하이텍","대졸","3.53/4.5","812점","Lv6","IH","2개","2.3개","1.3회","1회","1회","1.3회"
"(주)케이티씨에스","고졸","-","-","-","-","1개","1.8개","-","-","-","-"
"(주)케이티씨에스","초대졸","3.56/4.5","-","-","-","1개","2.3개","1회","-","3회","1회"
"(주)케이티씨에스","대졸","3.43/4.5","750점","Lv7","IL","1.4개","2.4개","1.2회","1.7회","1.2회","1.8회"
"(주)파워로직스","고졸","-","-","-","-","-","1.9개","-","-","1회","-"
"(주)파워로직스","초대졸","3.51/4.5","-","-","-","-","2.4개","1회","-","2회","1회"
"(주)파워로직스","대졸","3.44/4.5","752점","-","-","1개","2.2개","1.4회","1회","1회","-"
"효성티앤에스(주)","고졸","-","-","-","-","-","1.6개","-","1회","2회","1회"
"효성티앤에스(주)","대학원졸","3.95/4.5","753점","Lv6","-","1개","1.8개","1회","1.3회","1.8회","3.7회"
"효성티앤에스(주)","초대졸","3.62/4.5","718점","-","IL","1개","2.3개","1.2회","2회","1회","1회"
"효성티앤에스(주)","대졸","3.42/4.5","822점","Lv6","IH","1.4개","2개","1.1회","1.1회","1.3회","2회"
"(주)코리아써키트","고졸","-","890점","-","-","1개","1.9개","2회","1.8회","1회","1.6회"
"(주)코리아써키트","초대졸","3.64/4.5","673점","Lv5","-","1개","1.9개","1회","2.2회","1.1회","1.4회"
"(주)코리아써키트","대졸","3.44/4.5","790점","Lv6","IM2","1.1개","2개","1.3회","1.5회","1회","1.7회"
"엠케이전자(주)","대졸","3.52/4.5","806점","Lv5","-","1.2개","1.8개","1.5회","-","1.3회","2회"
"(주)휴맥스","대졸","3.51/4.5","911점","Lv6","IM3","2개","2개","1회","1회","1.5회","1.8회"
"(주)경동나비엔","고졸","-","-","-","-","-","1.6개","-","-","-","-"
"(주)경동나비엔","초대졸","3.59/4.5","550점","-","-","-","1.8개","1회","-","4회","1회"
"(주)경동나비엔","대졸","3.69/4.5","844점","Lv6","IH","1.3개","1.9개","1.5회","1회","1.7회","1.4회"
"한국알프스 주식회사","초대졸","3.84/4.5","-","-","-","-","3.1개","-","-","-","-"
"한국알프스 주식회사","대졸","3.48/4.5","784점","Lv6","IH","2개","2.6개","1.4회","1회","1회","1.8회"
"(주)캠시스","대졸","3.5/4.5","570점","-","IL","1개","2.3개","1.5회","2회","-","2.3회"
"(주)SBS","고졸","-","-","-","-","-","2개","1회","-","-","-"
"(주)SBS","초대졸","3.57/4.5","-","Lv6","-","1개","2.2개","1.5회","-","1회","1회"
"(주)SBS","대졸","3.63/4.5","823점","Lv6","IM1","1개","2개","1.2회","1.1회","2회","1.9회"
"가온전선(주)","대졸","3.56/4.5","838점","Lv6","IM2","1개","2.3개","1회","2회","1회","1회"
"(주)에스와이에스리테일","고졸","-","-","-","-","-","1.7개","-","-","1회","1회"
"(주)에스와이에스리테일","초대졸","3.52/4.5","715점","-","-","1.2개","2.1개","1회","-","1.2회","1회"
"(주)에스와이에스리테일","대졸","3.5/4.5","722점","Lv4","IM2","1개","2.1개","1.5회","1회","2.3회","2회"
"롯데정보통신(주)","대학원졸","4.13/4.5","810점","Lv6","IM1","-","2.8개","-","1.5회","4.5회","3회"
"롯데정보통신(주)","초대졸","3.65/4.5","-","-","-","-","2.2개","1회","1.6회","2회","2회"
"롯데정보통신(주)","대졸","3.64/4.5","802점","Lv6","IM2","1.3개","1.8개","1.3회","1.1회","1.3회","1.3회"
"주식회사 삼동","대졸","3.56/4.5","831점","Lv7","-","1개","2.1개","1.3회","1회","4회","3회"
"한국단자공업(주)","고졸","-","-","-","-","1개","1.6개","1회","-","2회","1회"
"한국단자공업(주)","초대졸","3.58/4.5","-","-","-","1개","2.2개","1회","-","2회","1회"
"한국단자공업(주)","대졸","3.51/4.5","746점","Lv6","IM3","1.1개","2.5개","1.4회","1회","2.3회","1.9회"
"어플라이드 머티어리얼즈 코리아(주)","대졸","3.43/4.5","823점","Lv6","IM3","1개","2개","1.7회","1회","-","2.7회"
"인탑스(주)","고졸","-","-","-","-","-","2개","1회","-","-","1회"
"인탑스(주)","초대졸","3.9/4.5","-","-","-","-","2.4개","1회","-","1회","1회"
"인탑스(주)","대졸","3.44/4.5","810점","-","-","1.3개","1.5개","2.2회","1회","2.7회","2.5회"
"(주)인지디스플레이","고졸","-","-","-","-","1개","1.6개","-","-","-","-"
"(주)인지디스플레이","초대졸","3.68/4.5","710점","-","-","1개","1.9개","1.3회","1회","1회","-"
"(주)인지디스플레이","대졸","3.49/4.5","737점","-","-","1개","2.2개","1.3회","-","1회","1회"
"영풍전자(주)","고졸","-","-","-","-","-","1.7개","1회","1회","4.5회","1회"
"영풍전자(주)","초대졸","3.52/4.5","-","-","-","1개","2개","-","-","-","2회"
"영풍전자(주)","대졸","3.52/4.5","767점","-","IM2","1.3개","1.9개","1.4회","1.3회","1.4회","1.1회"
"대원씨티에스 주식회사","고졸","-","-","-","-","-","2.5개","-","-","2.5회","2회"
"대원씨티에스 주식회사","초대졸","3.54/4.5","-","-","-","-","1.9개","1회","-","1회","1회"
"대원씨티에스 주식회사","대졸","3.53/4.5","740점","Lv4","IM2","1개","1.9개","1회","2회","3회","1.5회"
"한국휴렛팩커드주식회사","대학원졸","4.09/4.5","925점","-","IM1","1개","1.7개","1회","-","2회","-"
"한국휴렛팩커드주식회사","초대졸","3.55/4.5","777점","-","IM1","1개","2개","1.3회","-","-","1회"
"한국휴렛팩커드주식회사","대졸","3.55/4.5","855점","Lv6","IM2","1.1개","2.2개","1.3회","1.7회","1회","2.1회"
"(주)비에이치","대졸","3.47/4.5","820점","Lv7","IH","1.2개","2.2개","1.3회","1회","1.5회","2.3회"
"일진전기(주)","초대졸","3.49/4.5","-","-","-","1개","2.5개","3회","-","-","-"
"일진전기(주)","대졸","3.56/4.5","808점","Lv6","IM1","1개","2.4개","1.3회","1.2회","1.8회","1.6회"
"(주)케이티스카이라이프","초대졸","3.49/4.5","-","-","-","3개","3.4개","-","-","-","-"
"(주)케이티스카이라이프","대졸","3.67/4.5","907점","Lv6","IM2","1개","1.7개","1회","1.5회","5회","2.5회"
"주식회사 신흥정밀","고졸","-","-","-","-","-","2.3개","1회","-","-","-"
"주식회사 신흥정밀","초대졸","3.79/4.5","510점","-","-","2개","2.1개","1회","-","4회","-"
"주식회사 신흥정밀","대졸","3.49/4.5","701점","-","IM2","1.2개","2.5개","1.6회","2회","1회","2회"
"에이에스이코리아 (주)","고졸","-","-","-","-","-","3.1개","-","-","-","4회"
"에이에스이코리아 (주)","초대졸","3.52/4.5","595점","-","-","-","2개","-","-","-","1회"
"에이에스이코리아 (주)","대졸","3.6/4.5","841점","-","IM2","1개","2.2개","1.3회","1회","1회","1.7회"
"(주)케이티엠앤에스","고졸","-","-","-","-","-","2개","-","-","-","-"
"(주)케이티엠앤에스","초대졸","3.75/4.5","-","-","-","-","3.3개","-","1회","2회","-"
"(주)케이티엠앤에스","대졸","3.56/4.5","840점","Lv6","IM1","1개","2.6개","1.2회","1.6회","3회","1.4회"
"주식회사 한국아트라스비엑스","대졸","3.49/4.5","826점","-","IM2","1.3개","2.4개","1.1회","-","1.7회","2회"
"비테스코 테크놀로지스 코리아 (주)","고졸","-","-","-","-","-","1.2개","-","-","-","1회"
"비테스코 테크놀로지스 코리아 (주)","초대졸","3.49/4.5","675점","-","-","-","2.1개","2회","-","1회","1회"
"비테스코 테크놀로지스 코리아 (주)","대졸","3.49/4.5","838점","Lv7","IM3","2개","1.8개","1.3회","1회","1회","2.5회"
"(주)이랜텍","초대졸","3.43/4.5","-","-","NH","-","2.7개","1회","-","1회","-"
"(주)이랜텍","대졸","3.46/4.5","646점","-","IM2","1개","1.9개","1.4회","1회","1회","1.5회"
"타이코에이엠피주식회사","초대졸","3.87/4.5","575점","-","-","-","1.8개","2회","-","2회","1.5회"
"타이코에이엠피주식회사","대졸","3.53/4.5","830점","Lv7","IM3","1.2개","2.1개","1.3회","1.6회","3회","2.3회"
"대덕전자(주)","고졸","-","-","-","-","1개","1.8개","-","-","-","-"
"대덕전자(주)","초대졸","3.48/4.5","735점","Lv7","-","1개","1.6개","1회","1회","3회","1회"
"대덕전자(주)","대졸","3.5/4.5","803점","Lv6","IM2","1.1개","1.9개","1.3회","1.8회","2.5회","1.5회"
"(주)성철사","초대졸","3.84/4.5","-","-","-","1개","1.9개","-","-","-","-"
"(주)성철사","대졸","3.5/4.5","706점","Lv6","-","1.5개","2.6개","2회","-","-","1회"
"온세미컨덕터코리아(주)","고졸","-","-","-","-","-","2.1개","-","-","-","1회"
"온세미컨덕터코리아(주)","초대졸","3.61/4.5","448점","-","-","-","2.4개","1.5회","-","1회","3회"
"온세미컨덕터코리아(주)","대졸","3.57/4.5","822점","Lv6","IM3","1.3개","1.9개","1.5회","1.4회","1.3회","1.8회"
"씨제이씨지브이(주)","초대졸","3.42/4.5","592점","Lv5","IL","1.3개","2개","1회","1회","-","2회"
"씨제이씨지브이(주)","대졸","3.58/4.5","822점","Lv6","IM3","1개","1.8개","1.1회","1.1회","1.5회","1.2회"
"(주)에스엠엔터테인먼트","대졸","3.47/4.5","803점","Lv6","IM2","1.2개","2.1개","1.3회","1.7회","1.5회","1.4회"
"(주)케이씨","대졸","3.55/4.5","848점","Lv6","IM3","-","2.2개","1회","1.3회","1.7회","1.8회"
"(주)에스에프에이반도체","고졸","-","-","-","-","-","2.1개","-","-","-","-"
"(주)에스에프에이반도체","대졸","3.55/4.5","829점","Lv6","IM3","1개","2.1개","1회","1회","1회","1회"
"(주)스마일게이트 엔터테인먼트","초대졸","3.64/4.5","910점","Lv6","IM2","-","1.3개","1회","1회","1회","2회"
"(주)스마일게이트 엔터테인먼트","대졸","3.5/4.5","808점","Lv6","IM2","1개","2.3개","1.4회","1.8회","2.3회","2.2회"
"쿠쿠전자 주식회사","고졸","-","-","-","-","-","1.5개","-","-","-","-"
"쿠쿠전자 주식회사","초대졸","3.65/4.5","-","-","-","1개","1.9개","1회","2회","1회","3회"
"쿠쿠전자 주식회사","대졸","3.67/4.5","824점","Lv5","IM3","1.7개","2.3개","1.6회","1.3회","2.1회","1.8회"
"하나마이크론(주)","고졸","-","-","-","-","-","2.2개","1회","3회","2.7회","2회"
"하나마이크론(주)","초대졸","3.53/4.5","-","-","NH","-","2.4개","1회","1회","1회","1.7회"
"하나마이크론(주)","대졸","3.53/4.5","827점","Lv6","IM2","1개","2.2개","1.6회","1.3회","1.4회","1.2회"
"일진머티리얼즈(주)","고졸","-","-","-","-","-","1.7개","1회","-","-","2회"
"일진머티리얼즈(주)","대학원졸","4.19/4.5","695점","Lv3","IM1","-","1개","1회","1회","2회","-"
"일진머티리얼즈(주)","초대졸","3.56/4.5","-","-","-","-","2.2개","-","-","-","1회"
"일진머티리얼즈(주)","대졸","3.54/4.5","760점","Lv7","IM2","1개","2.6개","1회","1회","1.3회","2.3회"
"나이스정보통신(주)","초대졸","3.73/4.5","-","-","-","1개","2.1개","1회","-","-","1회"
"나이스정보통신(주)","대졸","3.54/4.5","813점","Lv7","IM2","1개","1.9개","1회","1회","1회","1.5회"
"삼성전자(주)","고졸","-","551점","-","IM2","-","2.8개","2회","1.4회","2.4회","2.5회"
"삼성전자(주)","대학원졸","4.01/4.5","837점","Lv6","IM2","1.3개","2.1개","1.4회","1.3회","2.6회","2.5회"
"삼성전자(주)","초대졸","3.7/4.5","676점","Lv6","IM1","1.1개","2.5개","1.2회","1.3회","1.7회","1.6회"
"삼성전자(주)","대졸","3.69/4.5","843점","Lv6","IM3","1.2개","1.9개","1.3회","1.3회","2.1회","1.9회"
"LG전자(주)","고졸","-","955점","Lv7","-","-","2.2개","2회","1회","-","1회"
"LG전자(주)","대학원졸","3.98/4.5","859점","Lv6","IM3","1.5개","1.8개","1.4회","1.4회","2.1회","1.9회"
"LG전자(주)","초대졸","3.62/4.5","653점","Lv4","-","1.1개","2.6개","1.1회","1.5회","1.2회","1.6회"
"LG전자(주)","대졸","3.65/4.5","830점","Lv6","IM3","1.1개","1.8개","1.2회","1.2회","1.4회","1.3회"
"에스케이하이닉스(주)","고졸","-","340점","-","-","2개","2.4개","2회","1회","3회","4회"
"에스케이하이닉스(주)","대학원졸","3.95/4.5","787점","Lv6","IM1","1.3개","1.7개","1.2회","2회","2.8회","2.5회"
"에스케이하이닉스(주)","초대졸","3.83/4.5","565점","-","-","1개","2.2개","1회","-","1.3회","1.8회"
"에스케이하이닉스(주)","대졸","3.68/4.5","829점","Lv6","IM3","1.1개","1.8개","1.2회","1.1회","1.3회","1.4회"
"삼성디스플레이 주식회사","고졸","-","356점","-","-","1개","2.4개","2회","1회","1.6회","1.3회"
"삼성디스플레이 주식회사","대학원졸","4.06/4.5","851점","Lv6","IM2","1개","1.7개","1.7회","1회","1회","1.3회"
"삼성디스플레이 주식회사","초대졸","3.71/4.5","417점","Lv4","IM1","-","2.4개","2회","2.5회","1.7회","1.2회"
"삼성디스플레이 주식회사","대졸","3.63/4.5","830점","Lv6","IM2","1.3개","1.9개","1.5회","1.1회","1.8회","1.6회"
"엘지디스플레이(주)","고졸","-","-","-","IM2","-","2.3개","-","1회","1회","1회"
"엘지디스플레이(주)","대학원졸","4/4.5","728점","Lv6","IM1","1개","1.3개","1.4회","-","1.7회","2회"
"엘지디스플레이(주)","초대졸","3.69/4.5","488점","-","IM1","1.3개","2.3개","1회","1.3회","1.5회","1.3회"
"엘지디스플레이(주)","대졸","3.64/4.5","813점","Lv6","IM2","1.2개","1.7개","1.2회","1.1회","1.7회","1.4회"
"(주)케이티","고졸","-","-","-","-","1개","2.1개","-","1회","-","-"
"(주)케이티","대학원졸","3.98/4.5","829점","Lv5","IM3","1.3개","2.4개","1.4회","1회","1.8회","3.5회"
"(주)케이티","초대졸","3.58/4.5","730점","-","-","1개","1.8개","1.3회","1회","-","1회"
"(주)케이티","대졸","3.64/4.5","844점","Lv6","IH","1.1개","2.1개","1.4회","1.3회","1.4회","1.6회"
"SK텔레콤(주)","고졸","-","-","-","-","1개","2.2개","2회","-","-","3회"
"SK텔레콤(주)","대학원졸","3.93/4.5","854점","Lv6","IM2","1개","2.5개","1.6회","1회","2회","4회"
"SK텔레콤(주)","초대졸","3.67/4.5","582점","-","-","1개","2.1개","1.3회","2회","1회","1회"
"SK텔레콤(주)","대졸","3.65/4.5","842점","Lv6","IM3","1.1개","1.9개","1.1회","1.2회","1.4회","1.3회"
"(주)LG유플러스","고졸","-","520점","-","-","-","1.6개","1회","3회","2회","2회"
"(주)LG유플러스","대학원졸","4.09/4.5","808점","-","IM2","-","2.5개","2회","-","-","-"
"(주)LG유플러스","초대졸","3.66/4.5","531점","Lv6","-","1개","1.9개","1.1회","1.2회","1.6회","1.7회"
"(주)LG유플러스","대졸","3.57/4.5","834점","Lv6","IH","1.2개","2개","1.2회","1.2회","1.5회","1.8회"
"삼성SDI(주)","고졸","-","-","-","-","-","2.1개","-","-","-","2회"
"삼성SDI(주)","대학원졸","4.11/4.5","900점","-","IM2","1.1개","1.8개","1.4회","1회","2.3회","1.7회"
"삼성SDI(주)","초대졸","3.39/4.5","643점","-","IM1","1개","2개","1회","-","1.7회","1회"
"삼성SDI(주)","대졸","3.71/4.5","803점","Lv6","IM3","1.4개","2.1개","1.3회","1.2회","1.8회","1.8회"
"삼성에스디에스(주)","대학원졸","3.96/4.5","888점","-","IM3","1.3개","1.8개","1.1회","1.5회","1회","1.6회"
"삼성에스디에스(주)","초대졸","3.82/4.5","756점","Lv6","IH","1개","2.9개","1.2회","-","2회","-"
"삼성에스디에스(주)","대졸","3.6/4.5","813점","Lv6","IM3","1.1개","1.9개","1.1회","1.1회","1.7회","1.4회"
"엘지이노텍(주)","고졸","-","515점","Lv5","-","-","1.9개","1회","1회","3회","1회"
"엘지이노텍(주)","대학원졸","4.05/4.5","758점","Lv5","IM2","1.2개","1.6개","1.3회","1회","4회","-"
"엘지이노텍(주)","초대졸","3.69/4.5","470점","-","-","1.5개","2.3개","1회","1회","1.7회","1.8회"
"엘지이노텍(주)","대졸","3.64/4.5","817점","Lv6","IH","1.1개","1.7개","1.1회","1회","1.4회","1.1회"
"삼성전기(주)","고졸","-","575점","-","NH","-","2.1개","1회","1회","1.3회","1.4회"
"삼성전기(주)","대학원졸","3.99/4.5","811점","Lv6","IM2","1.3개","2개","1.1회","1회","2회","1.4회"
"삼성전기(주)","초대졸","3.68/4.5","220점","-","IL","1.5개","2.2개","1회","-","2회","1.3회"
"삼성전기(주)","대졸","3.61/4.5","848점","Lv6","IM3","1.3개","2.1개","1.3회","1.2회","1.3회","2.7회"
"네이버(주)","대졸","3.46/4.5","890점","-","IH","1개","2.7개","1.5회","2회","2회","1.5회"
"(주)다우데이타","대졸","3.42/4.5","746점","Lv6","IM2","1개","2.1개","1.3회","1.3회","1.5회","2회"
"LS전선(주)","초대졸","3.56/4.5","695점","-","-","1개","2.4개","1회","-","1회","-"
"LS전선(주)","대졸","3.56/4.5","826점","Lv6","IH","1.1개","1.7개","1.2회","1.1회","1.7회","1.7회"
"(주)다우기술","초대졸","3.5/4.5","910점","Lv6","IM2","1개","2.3개","1회","1회","1회","2회"
"(주)다우기술","대졸","3.51/4.5","756점","Lv6","IM2","1.5개","2.1개","1.1회","1.4회","1.6회","1.8회"
"(주)카카오","고졸","-","-","-","-","1개","2개","1회","-","1회","1회"
"(주)카카오","대학원졸","4.12/4.5","875점","Lv7","-","1.4개","1.9개","1.3회","1.5회","1.5회","1.5회"
"(주)카카오","초대졸","3.66/4.5","620점","-","-","1개","1.8개","1회","1회","-","3회"
"(주)카카오","대졸","3.48/4.5","762점","Lv6","IM2","1.1개","2개","1.1회","1.6회","1.7회","1.9회"
"롯데하이마트(주)","고졸","-","-","-","-","-","2개","1회","1회","1.5회","2회"
"롯데하이마트(주)","초대졸","3.6/4.5","556점","-","-","1.1개","2개","1.3회","1.7회","1회","1.2회"
"롯데하이마트(주)","대졸","3.58/4.5","832점","Lv6","IM3","1.1개","1.9개","1.3회","1.3회","1.5회","2.1회"
"에스케이브로드밴드(주)","고졸","-","655점","-","-","1개","1.9개","1회","3회","-","2회"
"에스케이브로드밴드(주)","초대졸","3.6/4.5","640점","-","-","1개","2개","1회","-","-","-"
"에스케이브로드밴드(주)","대졸","3.65/4.5","835점","Lv6","AL","1.1개","1.9개","1.3회","1.2회","2.9회","1.9회"
"(주)씨제이이엔엠","초대졸","3.71/4.5","890점","Lv7","IM2","1개","2.2개","1.2회","1회","1회","1.8회"
"(주)씨제이이엔엠","대졸","3.61/4.5","863점","Lv6","IH","1.2개","1.7개","1.2회","1.3회","1.5회","1.4회"
"주식회사엘지씨엔에스","대학원졸","3.96/4.5","821점","Lv6","IM2","2개","3개","1회","2회","1.7회","1회"
"주식회사엘지씨엔에스","초대졸","3.66/4.5","635점","-","-","1개","2.5개","1회","2회","2회","2회"
"주식회사엘지씨엔에스","대졸","3.55/4.5","828점","Lv6","IM3","1.1개","1.9개","1.1회","1.2회","1.3회","1.4회"
"삼성전자판매 주식회사","고졸","-","850점","-","-","-","2.1개","1회","-","1회","2회"
"삼성전자판매 주식회사","초대졸","3.62/4.5","630점","Lv6","IL","1개","2.2개","1.6회","2회","2.3회","2.1회"
"삼성전자판매 주식회사","대졸","3.48/4.5","762점","Lv6","IM3","1.2개","2.2개","1.6회","1.4회","1.9회","2.1회"
"주식회사 하이프라자","고졸","-","-","-","-","-","1.7개","-","-","4회","-"
"주식회사 하이프라자","초대졸","3.53/4.5","565점","-","-","-","2.5개","-","1회","6회","2회"
"주식회사 하이프라자","대졸","3.51/4.5","780점","Lv6","IL","1.5개","2.1개","1.2회","1.7회","1.6회","1.7회"
"앰코테크놀로지코리아(주)","고졸","-","-","-","-","-","2개","-","-","2회","-"
"앰코테크놀로지코리아(주)","대학원졸","4.09/4.5","798점","Lv6","IM3","1개","1.5개","1.1회","1회","1회","1회"
"앰코테크놀로지코리아(주)","초대졸","3.7/4.5","629점","Lv4","-","-","2.2개","1회","1.3회","1.9회","1.2회"
"앰코테크놀로지코리아(주)","대졸","3.67/4.5","848점","Lv6","IM3","1.1개","2개","1.5회","1.4회","1.3회","1.7회"
"희성전자주식회사","초대졸","3.41/4.5","-","-","-","-","2.7개","-","2회","-","3회"
"희성전자주식회사","대졸","3.47/4.5","712점","Lv6","-","-","1.9개","1회","1회","-","1.5회"
"넷마블(주)","대졸","3.51/4.5","824점","Lv6","IM3","1개","1.6개","1.6회","1.3회","1.9회","1.8회"
"주식회사 유라","대졸","3.38/4.5","812점","Lv6","IM2","1.3개","2.4개","1.2회","1.2회","1.7회","1.6회"
"(주)엔씨소프트","고졸","-","-","-","-","-","1.7개","-","-","1회","-"
"(주)엔씨소프트","대학원졸","3.88/4.5","846점","-","IM2","1개","2.3개","1회","-","5.5회","2.5회"
"(주)엔씨소프트","초대졸","3.68/4.5","577점","-","-","1개","2.4개","1.3회","-","1.5회","1회"
"(주)엔씨소프트","대졸","3.47/4.5","820점","Lv6","IM3","1.1개","2.1개","1.3회","1.3회","1.8회","1.7회"
"엘에스일렉트릭 주식회사","고졸","-","-","-","-","-","3개","-","-","-","-"
"엘에스일렉트릭 주식회사","대학원졸","4.12/4.5","728점","Lv6","IL","1.5개","1.4개","1회","-","1.5회","1회"
"엘에스일렉트릭 주식회사","초대졸","3.56/4.5","-","-","-","2개","1.9개","-","-","-","-"
"엘에스일렉트릭 주식회사","대졸","3.65/4.5","796점","Lv6","IM2","1개","2개","1회","1회","1회","1.6회"
"(주)아이티센","대졸","3.6/4.5","809점","-","IL","1개","2.3개","1회","1.8회","1.8회","1.8회"
"(주)한샘","초대졸","3.47/4.5","-","-","-","-","2.3개","1회","1회","2회","-"
"(주)한샘","대졸","3.83/4.5","770점","Lv6","-","1개","1.5개","1회","2회","-","2회"
"씨제이이앤엠(주)","초대졸","3.71/4.5","890점","Lv7","IM2","1개","2.2개","1.2회","1회","1회","1.8회"
"씨제이이앤엠(주)","대졸","3.61/4.5","863점","Lv6","IH","1.2개","1.7개","1.2회","1.3회","1.5회","1.4회"
"SK실트론 주식회사","초대졸","3.69/4.5","485점","-","-","1개","3.4개","1회","-","2회","-"
"SK실트론 주식회사","대졸","3.6/4.5","799점","Lv6","IM2","1개","1.6개","1.1회","1회","2회","1.8회"
"엔에이치엔(주)","초대졸","3.42/4.5","-","-","-","1개","2.8개","-","2회","-","1회"
"엔에이치엔(주)","대졸","3.56/4.5","788점","Lv6","-","1개","2.5개","1회","1.3회","1.3회","2.1회"
"(주)크래프톤","대졸","3.79/4.5","890점","Lv5","IM2","3개","2.6개","1.5회","2회","3회","2.5회"
"한화시스템(주)","대학원졸","4.16/4.5","765점","-","IL","1개","1.7개","1.3회","1회","5회","2회"
"한화시스템(주)","초대졸","3.6/4.5","525점","-","IL","-","2.6개","2회","-","1회","1회"
"한화시스템(주)","대졸","3.7/4.5","812점","Lv6","IM3","1개","1.7개","1.1회","1회","1회","1.4회"
"대한전선(주)","고졸","-","-","-","-","-","3.5개","-","-","5회","-"
"대한전선(주)","대학원졸","3.83/4.5","841점","Lv7","IM2","1개","1.9개","1.5회","1.5회","1회","1.3회"
"대한전선(주)","초대졸","3.43/4.5","598점","-","-","1개","2.1개","1.3회","3회","1회","3회"
"대한전선(주)","대졸","3.57/4.5","810점","Lv7","IM2","1개","2개","1.2회","1회","1.4회","1.8회"
"삼지전자(주)","초대졸","3.53/4.5","-","-","-","-","2.7개","1회","-","-","-"
"삼지전자(주)","대졸","3.35/4.5","712점","-","IM2","1개","2.6개","2회","-","1회","1.5회"
"현대오토에버(주)","대학원졸","3.99/4.5","747점","-","IM1","1개","1.1개","1.4회","1회","3.3회","3회"
"현대오토에버(주)","초대졸","3.48/4.5","685점","-","-","1개","2.5개","1회","1회","-","1.3회"
"현대오토에버(주)","대졸","3.69/4.5","841점","Lv6","IM3","1개","1.7개","1.3회","1.1회","1.5회","1.5회"
"소니코리아주식회사","고졸","-","-","-","-","-","1.5개","-","-","-","-"
"소니코리아주식회사","초대졸","3.54/4.5","488점","-","-","1.3개","1.9개","1회","2.5회","1회","1.5회"
"소니코리아주식회사","대졸","3.56/4.5","787점","Lv6","IM1","1.4개","2.1개","1.3회","1.3회","4회","1.3회"
"(주)뉴옵틱스","고졸","-","-","-","-","1개","1.3개","1회","-","-","-"
"(주)뉴옵틱스","초대졸","3.66/4.5","-","-","-","1개","2.1개","1회","-","-","2회"
"(주)뉴옵틱스","대졸","3.44/4.5","733점","Lv5","NH","1개","2.5개","1.7회","3회","1회","1회"
"(주)엠씨넥스","고졸","-","-","-","-","1개","1.7개","-","-","-","-"
"(주)엠씨넥스","초대졸","3.55/4.5","780점","-","-","1개","1.9개","1.2회","3회","-","1회"
"(주)엠씨넥스","대졸","3.56/4.5","747점","-","IM1","1.8개","2.3개","1.4회","2.5회","2.7회","1.8회"
"한화큐셀코리아(주)","대졸","3.66/4.5","704점","Lv6","IH","1개","2.3개","1.5회","1.5회","-","2.5회"
"(주) 넥슨코리아","초대졸","3.72/4.5","712점","-","-","-","1.3개","1회","1.3회","1회","1회"
"(주) 넥슨코리아","대졸","3.55/4.5","804점","Lv6","IM2","1개","1.8개","1.1회","1.2회","1.7회","2.3회"
"세방전지(주)","대졸","3.76/4.5","827점","Lv7","IM3","1개","2개","1.3회","-","2회","2.3회"
"(주)지에스홈쇼핑","고졸","-","-","-","-","-","1.5개","1회","-","1회","-"
"(주)지에스홈쇼핑","초대졸","3.78/4.5","-","-","-","1개","1.8개","1회","1회","1.5회","1.5회"
"(주)지에스홈쇼핑","대졸","3.5/4.5","886점","Lv7","IH","1개","1.7개","1.2회","1.5회","1.4회","1.5회"
"(주)심텍","고졸","-","410점","-","-","1개","1.6개","1회","1회","1회","-"
"(주)심텍","초대졸","3.54/4.5","-","-","-","-","2개","1회","3회","1.5회","1회"
"(주)심텍","대졸","3.43/4.5","825점","Lv5","IM1","1.4개","2.1개","1.2회","1.3회","-","2회"
"한솔테크닉스(주)","고졸","-","-","-","-","1개","1.5개","-","-","1회","-"
"한솔테크닉스(주)","초대졸","3.61/4.5","250점","-","-","1.5개","1.9개","1회","1.3회","2.8회","1.7회"
"한솔테크닉스(주)","대졸","3.46/4.5","808점","Lv6","IL","1.3개","2.1개","1.3회","1회","3회","1.3회"
"(주)파트론","고졸","-","-","-","-","-","2.2개","-","1회","-","1회"
"(주)파트론","초대졸","3.84/4.5","380점","-","-","1.5개","2.7개","1회","1회","2회","-"
"(주)파트론","대졸","3.52/4.5","679점","Lv6","IM1","1개","2.3개","1.2회","1.4회","1.6회","1.8회"
"(주)엘엑스세미콘","대학원졸","3.87/4.5","674점","Lv5","IM1","1개","2.6개","1회","1회","1회","1회"
"(주)엘엑스세미콘","대졸","3.62/4.5","789점","Lv6","IM3","1개","2.9개","1.7회","2회","1.5회","1.8회"
"서울반도체(주)","고졸","-","-","-","-","-","2개","1.5회","1회","-","-"
"서울반도체(주)","대학원졸","3.98/4.5","736점","Lv6","IM2","1.3개","1.3개","1.5회","1회","1.6회","2.5회"
"서울반도체(주)","초대졸","3.51/4.5","470점","-","-","1개","2.2개","1회","1회","1.8회","1회"
"서울반도체(주)","대졸","3.66/4.5","797점","Lv6","IM2","1.1개","2.3개","1.2회","1.2회","2.4회","1.6회"
"주식회사 네오플","초대졸","3.67/4.5","648점","-","-","1개","1.8개","-","1회","1회","1회"
"주식회사 네오플","대졸","3.48/4.5","749점","-","IL","1개","2개","1.2회","-","3회","2회"
"주식회사 문화방송","고졸","-","-","-","-","1.3개","2.2개","-","1회","1회","1회"
"주식회사 문화방송","대학원졸","4.12/4.5","894점","Lv6","IM3","1개","1.9개","1.2회","1회","1회","1.7회"
"주식회사 문화방송","초대졸","3.63/4.5","583점","-","-","1.3개","2.3개","1.1회","1회","1.7회","2회"
"주식회사 문화방송","대졸","3.51/4.5","791점","Lv6","IH","1.2개","1.7개","1.3회","1.5회","1.7회","1.9회"
"주식회사 우아한형제들","대졸","3.58/4.5","828점","Lv6","IM2","1.7개","2.6개","1회","2회","1.8회","2.9회"
"(주)엘지헬로비전","고졸","-","-","-","-","-","3개","-","-","3회","2.8회"
"(주)엘지헬로비전","대졸","3.69/4.5","827점","Lv6","IM2","1개","2개","1회","1.2회","1.5회","1.1회"
"(주)드림텍","고졸","-","-","-","-","-","2개","1회","-","-","-"
"(주)드림텍","초대졸","3.97/4.5","-","-","-","-","1.9개","-","-","1회","-"
"(주)드림텍","대졸","3.55/4.5","821점","Lv6","IM1","1개","2.4개","1.4회","2회","1.6회","1.9회"
"(주)컴퓨존","고졸","-","-","-","-","-","1.6개","2회","-","-","-"
"(주)컴퓨존","초대졸","3.45/4.5","569점","-","-","-","2.2개","1.5회","3회","2.3회","2회"
"(주)컴퓨존","대졸","3.34/4.5","724점","-","-","1개","2.2개","2.5회","2회","1회","1.9회"
"주식회사 DB하이텍","초대졸","3.72/4.5","795점","-","IM1","-","2.3개","1회","-","1.7회","2회"
"주식회사 DB하이텍","대졸","3.53/4.5","812점","Lv6","IH","2개","2.3개","1.3회","1회","1회","1.3회"
"(주)케이티씨에스","고졸","-","-","-","-","1개","1.8개","-","-","-","-"
"(주)케이티씨에스","초대졸","3.56/4.5","-","-","-","1개","2.3개","1회","-","3회","1회"
"(주)케이티씨에스","대졸","3.43/4.5","750점","Lv7","IL","1.4개","2.4개","1.2회","1.7회","1.2회","1.8회"
"(주)파워로직스","고졸","-","-","-","-","-","1.9개","-","-","1회","-"
"(주)파워로직스","초대졸","3.51/4.5","-","-","-","-","2.4개","1회","-","2회","1회"
"(주)파워로직스","대졸","3.44/4.5","752점","-","-","1개","2.2개","1.4회","1회","1회","-"
"효성티앤에스(주)","고졸","-","-","-","-","-","1.6개","-","1회","2회","1회"
"효성티앤에스(주)","대학원졸","3.95/4.5","753점","Lv6","-","1개","1.8개","1회","1.3회","1.8회","3.7회"
"효성티앤에스(주)","초대졸","3.62/4.5","718점","-","IL","1개","2.3개","1.2회","2회","1회","1회"
"효성티앤에스(주)","대졸","3.42/4.5","822점","Lv6","IH","1.4개","2개","1.1회","1.1회","1.3회","2회"
"(주)코리아써키트","고졸","-","890점","-","-","1개","1.9개","2회","1.8회","1회","1.6회"
"(주)코리아써키트","초대졸","3.64/4.5","673점","Lv5","-","1개","1.9개","1회","2.2회","1.1회","1.4회"
"(주)코리아써키트","대졸","3.44/4.5","790점","Lv6","IM2","1.1개","2개","1.3회","1.5회","1회","1.7회"
"엠케이전자(주)","대졸","3.52/4.5","806점","Lv5","-","1.2개","1.8개","1.5회","-","1.3회","2회"
"(주)휴맥스","대졸","3.51/4.5","911점","Lv6","IM3","2개","2개","1회","1회","1.5회","1.8회"
"(주)경동나비엔","고졸","-","-","-","-","-","1.6개","-","-","-","-"
"(주)경동나비엔","초대졸","3.59/4.5","550점","-","-","-","1.8개","1회","-","4회","1회"
"(주)경동나비엔","대졸","3.69/4.5","844점","Lv6","IH","1.3개","1.9개","1.5회","1회","1.7회","1.4회"
"한국알프스 주식회사","초대졸","3.84/4.5","-","-","-","-","3.1개","-","-","-","-"
"한국알프스 주식회사","대졸","3.48/4.5","784점","Lv6","IH","2개","2.6개","1.4회","1회","1회","1.8회"
"(주)캠시스","대졸","3.5/4.5","570점","-","IL","1개","2.3개","1.5회","2회","-","2.3회"
"(주)SBS","고졸","-","-","-","-","-","2개","1회","-","-","-"
"(주)SBS","초대졸","3.57/4.5","-","Lv6","-","1개","2.2개","1.5회","-","1회","1회"
"(주)SBS","대졸","3.63/4.5","823점","Lv6","IM1","1개","2개","1.2회","1.1회","2회","1.9회"
"가온전선(주)","대졸","3.56/4.5","838점","Lv6","IM2","1개","2.3개","1회","2회","1회","1회"
"(주)에스와이에스리테일","고졸","-","-","-","-","-","1.7개","-","-","1회","1회"
"(주)에스와이에스리테일","초대졸","3.52/4.5","715점","-","-","1.2개","2.1개","1회","-","1.2회","1회"
"(주)에스와이에스리테일","대졸","3.5/4.5","722점","Lv4","IM2","1개","2.1개","1.5회","1회","2.3회","2회"
"롯데정보통신(주)","대학원졸","4.13/4.5","810점","Lv6","IM1","-","2.8개","-","1.5회","4.5회","3회"
"롯데정보통신(주)","초대졸","3.65/4.5","-","-","-","-","2.2개","1회","1.6회","2회","2회"
"롯데정보통신(주)","대졸","3.64/4.5","802점","Lv6","IM2","1.3개","1.8개","1.3회","1.1회","1.3회","1.3회"
"주식회사 삼동","대졸","3.56/4.5","831점","Lv7","-","1개","2.1개","1.3회","1회","4회","3회"
"한국단자공업(주)","고졸","-","-","-","-","1개","1.6개","1회","-","2회","1회"
"한국단자공업(주)","초대졸","3.58/4.5","-","-","-","1개","2.2개","1회","-","2회","1회"
"한국단자공업(주)","대졸","3.51/4.5","746점","Lv6","IM3","1.1개","2.5개","1.4회","1회","2.3회","1.9회"
"어플라이드 머티어리얼즈 코리아(주)","대졸","3.43/4.5","823점","Lv6","IM3","1개","2개","1.7회","1회","-","2.7회"
"인탑스(주)","고졸","-","-","-","-","-","2개","1회","-","-","1회"
"인탑스(주)","초대졸","3.9/4.5","-","-","-","-","2.4개","1회","-","1회","1회"
"인탑스(주)","대졸","3.44/4.5","810점","-","-","1.3개","1.5개","2.2회","1회","2.7회","2.5회"
"(주)인지디스플레이","고졸","-","-","-","-","1개","1.6개","-","-","-","-"
"(주)인지디스플레이","초대졸","3.68/4.5","710점","-","-","1개","1.9개","1.3회","1회","1회","-"
"(주)인지디스플레이","대졸","3.49/4.5","737점","-","-","1개","2.2개","1.3회","-","1회","1회"
"영풍전자(주)","고졸","-","-","-","-","-","1.7개","1회","1회","4.5회","1회"
"영풍전자(주)","초대졸","3.52/4.5","-","-","-","1개","2개","-","-","-","2회"
"영풍전자(주)","대졸","3.52/4.5","767점","-","IM2","1.3개","1.9개","1.4회","1.3회","1.4회","1.1회"
"대원씨티에스 주식회사","고졸","-","-","-","-","-","2.5개","-","-","2.5회","2회"
"대원씨티에스 주식회사","초대졸","3.54/4.5","-","-","-","-","1.9개","1회","-","1회","1회"
"대원씨티에스 주식회사","대졸","3.53/4.5","740점","Lv4","IM2","1개","1.9개","1회","2회","3회","1.5회"
"한국휴렛팩커드주식회사","대학원졸","4.09/4.5","925점","-","IM1","1개","1.7개","1회","-","2회","-"
"한국휴렛팩커드주식회사","초대졸","3.55/4.5","777점","-","IM1","1개","2개","1.3회","-","-","1회"
"한국휴렛팩커드주식회사","대졸","3.55/4.5","855점","Lv6","IM2","1.1개","2.2개","1.3회","1.7회","1회","2.1회"
"(주)비에이치","대졸","3.47/4.5","820점","Lv7","IH","1.2개","2.2개","1.3회","1회","1.5회","2.3회"
"일진전기(주)","초대졸","3.49/4.5","-","-","-","1개","2.5개","3회","-","-","-"
"일진전기(주)","대졸","3.56/4.5","808점","Lv6","IM1","1개","2.4개","1.3회","1.2회","1.8회","1.6회"
"(주)케이티스카이라이프","초대졸","3.49/4.5","-","-","-","3개","3.4개","-","-","-","-"
"(주)케이티스카이라이프","대졸","3.67/4.5","907점","Lv6","IM2","1개","1.7개","1회","1.5회","5회","2.5회"
"주식회사 신흥정밀","고졸","-","-","-","-","-","2.3개","1회","-","-","-"
"주식회사 신흥정밀","초대졸","3.79/4.5","510점","-","-","2개","2.1개","1회","-","4회","-"
"주식회사 신흥정밀","대졸","3.49/4.5","701점","-","IM2","1.2개","2.5개","1.6회","2회","1회","2회"
"에이에스이코리아 (주)","고졸","-","-","-","-","-","3.1개","-","-","-","4회"
"에이에스이코리아 (주)","초대졸","3.52/4.5","595점","-","-","-","2개","-","-","-","1회"
"에이에스이코리아 (주)","대졸","3.6/4.5","841점","-","IM2","1개","2.2개","1.3회","1회","1회","1.7회"
"(주)케이티엠앤에스","고졸","-","-","-","-","-","2개","-","-","-","-"
"(주)케이티엠앤에스","초대졸","3.75/4.5","-","-","-","-","3.3개","-","1회","2회","-"
"(주)케이티엠앤에스","대졸","3.56/4.5","840점","Lv6","IM1","1개","2.6개","1.2회","1.6회","3회","1.4회"
"주식회사 한국아트라스비엑스","대졸","3.49/4.5","826점","-","IM2","1.3개","2.4개","1.1회","-","1.7회","2회"
"비테스코 테크놀로지스 코리아 (주)","고졸","-","-","-","-","-","1.2개","-","-","-","1회"
"비테스코 테크놀로지스 코리아 (주)","초대졸","3.49/4.5","675점","-","-","-","2.1개","2회","-","1회","1회"
"비테스코 테크놀로지스 코리아 (주)","대졸","3.49/4.5","838점","Lv7","IM3","2개","1.8개","1.3회","1회","1회","2.5회"
"(주)이랜텍","초대졸","3.43/4.5","-","-","NH","-","2.7개","1회","-","1회","-"
"(주)이랜텍","대졸","3.46/4.5","646점","-","IM2","1개","1.9개","1.4회","1회","1회","1.5회"
"타이코에이엠피주식회사","초대졸","3.87/4.5","575점","-","-","-","1.8개","2회","-","2회","1.5회"
"타이코에이엠피주식회사","대졸","3.53/4.5","830점","Lv7","IM3","1.2개","2.1개","1.3회","1.6회","3회","2.3회"
"대덕전자(주)","고졸","-","-","-","-","1개","1.8개","-","-","-","-"
"대덕전자(주)","초대졸","3.48/4.5","735점","Lv7","-","1개","1.6개","1회","1회","3회","1회"
"대덕전자(주)","대졸","3.5/4.5","803점","Lv6","IM2","1.1개","1.9개","1.3회","1.8회","2.5회","1.5회"
"(주)성철사","초대졸","3.84/4.5","-","-","-","1개","1.9개","-","-","-","-"
"(주)성철사","대졸","3.5/4.5","706점","Lv6","-","1.5개","2.6개","2회","-","-","1회"
"온세미컨덕터코리아(주)","고졸","-","-","-","-","-","2.1개","-","-","-","1회"
"온세미컨덕터코리아(주)","초대졸","3.61/4.5","448점","-","-","-","2.4개","1.5회","-","1회","3회"
"온세미컨덕터코리아(주)","대졸","3.57/4.5","822점","Lv6","IM3","1.3개","1.9개","1.5회","1.4회","1.3회","1.8회"
"씨제이씨지브이(주)","초대졸","3.42/4.5","592점","Lv5","IL","1.3개","2개","1회","1회","-","2회"
"씨제이씨지브이(주)","대졸","3.58/4.5","822점","Lv6","IM3","1개","1.8개","1.1회","1.1회","1.5회","1.2회"
"(주)에스엠엔터테인먼트","대졸","3.47/4.5","803점","Lv6","IM2","1.2개","2.1개","1.3회","1.7회","1.5회","1.4회"
"(주)케이씨","대졸","3.55/4.5","848점","Lv6","IM3","-","2.2개","1회","1.3회","1.7회","1.8회"
"(주)에스에프에이반도체","고졸","-","-","-","-","-","2.1개","-","-","-","-"
"(주)에스에프에이반도체","대졸","3.55/4.5","829점","Lv6","IM3","1개","2.1개","1회","1회","1회","1회"
"(주)스마일게이트 엔터테인먼트","초대졸","3.64/4.5","910점","Lv6","IM2","-","1.3개","1회","1회","1회","2회"
"(주)스마일게이트 엔터테인먼트","대졸","3.5/4.5","808점","Lv6","IM2","1개","2.3개","1.4회","1.8회","2.3회","2.2회"
"쿠쿠전자 주식회사","고졸","-","-","-","-","-","1.5개","-","-","-","-"
"쿠쿠전자 주식회사","초대졸","3.65/4.5","-","-","-","1개","1.9개","1회","2회","1회","3회"
"쿠쿠전자 주식회사","대졸","3.67/4.5","824점","Lv5","IM3","1.7개","2.3개","1.6회","1.3회","2.1회","1.8회"
"하나마이크론(주)","고졸","-","-","-","-","-","2.2개","1회","3회","2.7회","2회"
"하나마이크론(주)","초대졸","3.53/4.5","-","-","NH","-","2.4개","1회","1회","1회","1.7회"
"하나마이크론(주)","대졸","3.53/4.5","827점","Lv6","IM2","1개","2.2개","1.6회","1.3회","1.4회","1.2회"
"일진머티리얼즈(주)","고졸","-","-","-","-","-","1.7개","1회","-","-","2회"
"일진머티리얼즈(주)","대학원졸","4.19/4.5","695점","Lv3","IM1","-","1개","1회","1회","2회","-"
"일진머티리얼즈(주)","초대졸","3.56/4.5","-","-","-","-","2.2개","-","-","-","1회"
"일진머티리얼즈(주)","대졸","3.54/4.5","760점","Lv7","IM2","1개","2.6개","1회","1회","1.3회","2.3회"
"나이스정보통신(주)","초대졸","3.73/4.5","-","-","-","1개","2.1개","1회","-","-","1회"
"나이스정보통신(주)","대졸","3.54/4.5","813점","Lv7","IM2","1개","1.9개","1회","1회","1회","1.5회"
"(주)이수페타시스","대졸","3.51/4.5","838점","Lv6","IH","1개","1.8개","1.4회","1회","4회","1회"
"(주)컴투스","고졸","-","-","-","-","-","2.5개","1회","-","1회","-"
"(주)컴투스","초대졸","3.45/4.5","510점","-","-","1개","2.1개","1회","-","1회","-"
"(주)컴투스","대졸","3.55/4.5","821점","Lv7","IM3","1.6개","2개","1.2회","2회","1.9회","1.5회"
"(주)케이티디에스","대졸","3.64/4.5","801점","Lv6","IM3","1개","1.8개","1.3회","1회","1회","1.4회"
"한국정보통신(주)","대졸","3.4/4.5","812점","Lv6","IH","1개","2.3개","1.4회","1회","1.3회","2회"
"엘지엔시스(주)","대졸","3.62/4.5","850점","Lv6","IM2","-","1.8개","1회","1회","1회","1.4회"
"가온미디어(주)","대학원졸","4.22/4.5","-","-","AL","1개","1.5개","1회","-","4회","-"
"가온미디어(주)","초대졸","3.38/4.5","-","-","-","-","2.3개","-","-","-","1회"
"가온미디어(주)","대졸","3.48/4.5","829점","Lv6","IH","1개","2개","1.5회","1회","1.9회","1.3회"
"주식회사 신성이엔지","고졸","-","-","-","-","1개","1.7개","-","-","-","-"
"주식회사 신성이엔지","초대졸","3.62/4.5","-","-","-","1개","2.6개","2회","3회","1회","-"
"주식회사 신성이엔지","대졸","3.45/4.5","732점","Lv7","IM1","1개","2개","1.2회","2회","1회","1.7회"
"대덕GDS(주)","고졸","-","-","-","-","-","1.5개","-","-","-","-"
"대덕GDS(주)","초대졸","3.9/4.5","-","-","-","-","2.3개","-","-","-","-"
"대덕GDS(주)","대졸","3.57/4.5","754점","Lv6","IH","1.3개","2.2개","1.4회","1회","-","2.2회"
"(주)신세계아이앤씨","고졸","-","-","-","-","1개","1.7개","-","-","-","-"
"(주)신세계아이앤씨","대학원졸","3.94/4.5","800점","-","-","-","2.6개","1회","1회","1회","4회"
"(주)신세계아이앤씨","초대졸","3.68/4.5","-","-","-","1개","2.1개","1회","-","1회","1회"
"(주)신세계아이앤씨","대졸","3.55/4.5","818점","Lv6","IM3","1개","2.2개","1.2회","1.1회","1.6회","1.1회"
"주식회사 카카오엠","대졸","3.46/4.5","800점","Lv6","-","1.3개","2개","1.4회","2.3회","2.3회","2.2회"
"동양이엔피(주)","대졸","3.38/4.5","753점","Lv6","-","-","2개","1회","1회","-","-"
"(주)에스아이플렉스","고졸","-","-","-","-","-","1.6개","1회","1회","-","-"
"(주)에스아이플렉스","초대졸","3.64/4.5","718점","-","-","1.5개","2.3개","1.5회","2회","1회","1회"
"(주)에스아이플렉스","대졸","3.5/4.5","740점","Lv6","IL","1.4개","2.1개","1.2회","1.9회","1.8회","1.7회"
"(주)상상인","대졸","3.5/4.5","653점","Lv6","-","-","3.2개","1회","-","-","1회"
"(주)대유플러스","고졸","-","-","-","-","-","2.1개","2회","-","2회","1회"
"(주)대유플러스","초대졸","3.53/4.5","-","-","-","-","2개","-","-","-","1회"
"(주)대유플러스","대졸","3.36/4.5","684점","-","-","2개","2.1개","1회","1회","2회","1.3회"
"나이스평가정보(주)","고졸","-","-","-","-","-","1.8개","3회","-","-","1회"
"나이스평가정보(주)","초대졸","3.6/4.5","568점","-","-","1개","2.5개","1회","1.7회","2회","1.8회"
"나이스평가정보(주)","대졸","3.47/4.5","740점","Lv5","IM2","1.1개","2개","1.1회","1.5회","1.3회","1.2회"
"씨제이올리브네트웍스(주)","초대졸","3.61/4.5","-","-","-","-","2.6개","1회","1회","2회","1.5회"
"씨제이올리브네트웍스(주)","대졸","3.6/4.5","830점","Lv6","IM3","1개","1.8개","1.2회","1.1회","1.4회","1.6회"
"(주)팬택씨앤아이","대졸","3.51/4.5","830점","Lv6","IM3","1개","2.4개","1.1회","1회","2.5회","1.8회"
"주식회사 영우디지탈","초대졸","3.37/4.5","-","-","-","1개","3개","-","-","2회","-"
"주식회사 영우디지탈","대졸","3.32/4.5","748점","Lv6","IM1","1개","2.4개","1.1회","1.3회","1회","1.3회"
"(주)히타치엘지데이터스토리지코리아","초대졸","3.46/4.5","565점","-","-","1개","1.8개","3회","2회","1회","1회"
"(주)히타치엘지데이터스토리지코리아","대졸","3.69/4.5","872점","-","IH","1.3개","2.2개","1.3회","1.5회","6회","2.3회"
"주식회사 딜라이브","고졸","-","-","-","-","-","1.3개","1회","-","-","-"
"주식회사 딜라이브","초대졸","3.55/4.5","560점","-","-","1개","2.2개","1회","1회","-","-"
"주식회사 딜라이브","대졸","3.34/4.5","850점","-","IM2","1개","2.1개","1.5회","2회","1회","2.5회"
"주식회사 필립스코리아","대졸","3.49/4.5","835점","Lv6","IM3","1.3개","1.6개","1.3회","1.6회","1.5회","1.8회"
"코오롱베니트주식회사","대학원졸","4.07/4.5","835점","Lv7","IM2","-","2.8개","1회","2회","2.7회","2회"
"코오롱베니트주식회사","초대졸","3.55/4.5","450점","-","-","1개","2.3개","1회","2.5회","3회","1.5회"
"코오롱베니트주식회사","대졸","3.47/4.5","819점","Lv5","IH","1개","2.4개","1.3회","1.2회","1.4회","1.5회"
"에스케이텔레시스(주)","초대졸","3.58/4.5","485점","-","-","2개","2.6개","1회","-","-","-"
"에스케이텔레시스(주)","대졸","3.48/4.5","803점","-","AL","-","2.4개","1.1회","1회","1회","1.5회"
"주식회사 그라비티","초대졸","3.57/4.5","785점","-","-","1개","1.8개","1.5회","-","2회","-"
"주식회사 그라비티","대졸","3.3/4.5","769점","Lv7","IH","1.2개","1.7개","1.2회","1회","-","3.5회"
"(주)다산네트웍스","고졸","-","-","-","-","-","2.7개","-","-","1회","-"
"(주)다산네트웍스","초대졸","3.35/4.5","505점","-","-","1개","2.5개","1회","-","-","2회"
"(주)다산네트웍스","대졸","3.41/4.5","798점","Lv5","IM2","1.2개","2.8개","1.2회","1.3회","2회","2.3회"
"(주)한글과컴퓨터","초대졸","3.91/4.5","640점","-","-","2개","2.3개","1회","-","3회","2.8회"
"(주)한글과컴퓨터","대졸","3.49/4.5","766점","Lv6","IM1","1개","1.6개","1.1회","1.2회","1.7회","1.5회"
"(주)세코닉스","고졸","-","-","-","-","-","1.7개","-","1회","-","1회"
"(주)세코닉스","초대졸","3.47/4.5","500점","Lv5","-","1개","1.8개","1.3회","-","-","1회"
"(주)세코닉스","대졸","3.3/4.5","-","-","-","1개","2.1개","1회","1.3회","1.5회","1.8회"
"(주)위닉스","고졸","-","-","-","-","-","1.6개","3회","-","1회","1회"
"(주)위닉스","초대졸","3.53/4.5","-","-","-","-","1.9개","-","-","-","1회"
"(주)위닉스","대졸","3.31/4.5","750점","Lv6","-","1개","1.9개","1.4회","1.8회","2회","1.8회"
"한국하니웰(주)","고졸","-","-","-","-","-","1.7개","1회","-","-","-"
"한국하니웰(주)","초대졸","3.6/4.5","-","-","-","1개","2.4개","1회","-","-","-"
"한국하니웰(주)","대졸","3.62/4.5","787점","Lv6","IM1","1개","2.1개","1.4회","1.3회","1.8회","1회"
"(주)티시스","대졸","3.54/4.5","777점","Lv6","IM1","1개","2.4개","1.4회","1회","2회","1회"
"주식회사 에이비비코리아","대졸","3.59/4.5","815점","Lv6","IH","1개","2.2개","1.2회","1회","1.3회","2회"
"(주)에스피지","초대졸","3.54/4.5","-","-","-","-","2.1개","2회","-","-","-"
"(주)에스피지","대졸","3.44/4.5","770점","-","IH","-","2.4개","1.2회","-","3회","2.5회"
"(주)제이앤티씨","고졸","-","-","-","-","2개","1.6개","1회","-","-","-"
"(주)제이앤티씨","초대졸","3.56/4.5","-","-","-","1개","2개","1회","1회","1회","1회"
"(주)제이앤티씨","대졸","3.36/4.5","640점","-","IM1","-","1.7개","-","-","-","-"
"(주)티에이치엔","대졸","3.41/4.5","682점","Lv5","-","1개","2.6개","1회","-","2회","1.5회"
"(주)디케이티","대졸","3.37/4.5","810점","Lv6","IM1","-","1.7개","1.6회","1회","1회","1.3회"
"(주)네패스","고졸","-","-","-","-","-","2개","1회","-","1.7회","1회"
"(주)네패스","대학원졸","4.16/4.5","651점","-","IM1","1.5개","1.8개","1.3회","-","2회","-"
"(주)네패스","초대졸","3.62/4.5","595점","-","-","1개","2.5개","2.7회","-","2.3회","1회"
"(주)네패스","대졸","3.57/4.5","764점","Lv6","IM2","1.3개","2.2개","1.2회","1.4회","1.7회","2회"
"(주)티시스","대졸","3.54/4.5","777점","Lv6","IM1","1개","2.4개","1.4회","1회","2회","1회"
"(주)케이엠더블유","고졸","-","-","-","-","-","2.2개","1회","1회","3회","1회"
"(주)케이엠더블유","대학원졸","4.05/4.5","713점","Lv6","IM2","1.5개","2.3개","1회","-","3회","-"
"(주)케이엠더블유","초대졸","3.68/4.5","-","-","-","-","1.9개","1회","-","2회","-"
"(주)케이엠더블유","대졸","3.46/4.5","693점","Lv6","IM2","1개","2.2개","1.7회","1.3회","1.8회","2.4회"
"주식회사 유라하네스","대졸","3.41/4.5","802점","-","-","1개","2.4개","1회","3회","-","1회"
"주식회사 알머스","대졸","3.51/4.5","-","-","NH","1.5개","2.5개","1.2회","2회","2.3회","1회"
"(주)신도리코","고졸","-","990점","-","-","1개","1.7개","-","1회","1회","1회"
"(주)신도리코","대학원졸","4.02/4.5","843점","-","IM2","1개","3.3개","1.5회","-","1회","1회"
"(주)신도리코","초대졸","3.61/4.5","650점","-","-","1개","2.1개","1.1회","1.3회","2.4회","1.3회"
"(주)신도리코","대졸","3.5/4.5","784점","Lv6","IM3","1.1개","2.1개","1.3회","1.4회","1회","1.6회"
"제이티비씨 주식회사","대졸","3.45/4.5","795점","Lv6","-","1개","1.5개","1.3회","1회","1회","1.7회"
"에스케이텔링크 주식회사","초대졸","3.51/4.5","-","-","-","-","2.7개","1회","-","-","1회"
"에스케이텔링크 주식회사","대졸","3.45/4.5","787점","Lv6","IH","1개","2.4개","1.1회","1.5회","3회","1회"
"(주)루멘스","고졸","-","-","-","-","-","2.3개","-","-","-","-"
"(주)루멘스","초대졸","3.5/4.5","-","-","-","-","2개","-","-","2회","1회"
"(주)루멘스","대졸","3.61/4.5","837점","Lv5","IM1","1.6개","3.4개","1.7회","1회","2.5회","2.7회"
"에스넷시스템(주)","초대졸","3.47/4.5","-","-","-","-","2.6개","-","-","2회","2.5회"
"에스넷시스템(주)","대졸","3.39/4.5","733점","-","-","1.1개","2.5개","1회","3회","1.8회","1.3회"
"(주)유니온","고졸","-","-","-","-","-","2개","-","-","1회","-"
"(주)유니온","초대졸","3.56/4.5","-","-","-","-","2.2개","-","-","-","-"
"(주)유니온","대졸","3.47/4.5","693점","-","-","1개","2.1개","1.3회","1.3회","1회","2회"
"(주)인터플렉스","고졸","-","700점","-","-","-","1.9개","1회","-","1회","1.3회"
"(주)인터플렉스","초대졸","3.53/4.5","655점","-","-","1개","2.1개","1.2회","1.5회","1.4회","2회"
"(주)인터플렉스","대졸","3.53/4.5","798점","Lv6","IM3","1.1개","2.1개","1.3회","1.6회","1.2회","1.8회"
"(주)케이씨텍","초대졸","3.69/4.5","-","-","-","-","2.2개","1.2회","3회","2회","1.4회"
"(주)케이씨텍","대졸","3.49/4.5","706점","Lv5","IL","1.1개","2.3개","1.2회","1회","1.6회","1회"
"(주)케이엠에이치","고졸","-","-","-","-","1개","1.7개","-","-","-","-"
"(주)케이엠에이치","초대졸","3.6/4.5","-","-","-","-","2.2개","-","-","-","-"
"(주)케이엠에이치","대졸","3.51/4.5","748점","-","-","1개","2.5개","1회","1회","1회","1.3회"
"린나이코리아(주)","고졸","-","-","-","-","-","2.1개","-","-","-","-"
"린나이코리아(주)","초대졸","3.27/4.5","-","-","-","1개","2.2개","1회","1회","3회","1회"
"린나이코리아(주)","대졸","3.62/4.5","764점","Lv6","IM2","1개","1.7개","1회","1회","2회","1.7회"
"크레신 주식회사","초대졸","3.67/4.5","698점","-","IL","1개","2.2개","1.3회","1회","4회","1회"
"크레신 주식회사","대졸","3.5/4.5","769점","Lv6","IM1","1.2개","2.2개","1.5회","1회","2.6회","1.5회"
"(주)서원인텍","고졸","-","-","-","-","1개","2.2개","1회","-","-","-"
"(주)서원인텍","초대졸","3.48/4.5","720점","-","-","1개","2.5개","1.7회","1회","2.5회","1.5회"
"(주)서원인텍","대졸","3.39/4.5","701점","-","IM2","1.3개","2.3개","1.3회","4회","1.4회","1.3회"
"(주)피씨디렉트","대졸","3.41/4.5","830점","Lv6","IH","-","1.9개","1회","1회","1회","3회"
"에스텍(주)","고졸","-","690점","-","IL","1개","1.5개","1.1회","1회","1.5회","1.1회"
"에스텍(주)","초대졸","3.62/4.5","584점","Lv5","IM3","1.1개","2개","1.1회","2.7회","1.6회","1.6회"
"에스텍(주)","대졸","3.45/4.5","684점","Lv7","IM1","1.2개","1.8개","1.4회","1.8회","1.9회","1.7회"
"(주)코스콤","초대졸","3.54/4.5","715점","-","IL","1.5개","3개","2회","-","5회","-"
"(주)코스콤","대졸","3.66/4.5","856점","Lv6","IH","-","2.1개","1.2회","1회","1.7회","1회"
"주식회사 티엠씨","고졸","-","580점","-","-","1개","1.4개","1회","-","-","-"
"주식회사 티엠씨","초대졸","3.67/4.5","-","-","-","-","2개","-","-","-","-"
"주식회사 티엠씨","대졸","3.72/4.5","843점","Lv6","-","1개","2.4개","1.3회","1회","3회","2회"
"(주)더존비즈온","초대졸","3.69/4.5","643점","-","-","1개","2.5개","1회","2회","2.3회","1.7회"
"(주)더존비즈온","대졸","3.52/4.5","677점","Lv6","IM2","1개","2.7개","1.1회","1.6회","1.8회","2.3회"
"(주)미라콤아이앤씨","대졸","3.49/4.5","774점","Lv6","IM1","1개","1.9개","1.4회","2.2회","1.7회","1.6회"
"(주)대성엘텍","고졸","-","-","-","-","-","1.6개","-","1회","-","1회"
"(주)대성엘텍","초대졸","3.55/4.5","-","-","-","1개","2.6개","3회","1회","1.5회","1.5회"
"(주)대성엘텍","대졸","3.42/4.5","665점","Lv6","IL","1.4개","1.8개","1.4회","1회","1.3회","1.1회"
"(주)코리아센터","초대졸","3.7/4.5","-","-","-","1개","2.5개","1회","4회","1.5회","1.3회"
"(주)코리아센터","대졸","3.56/4.5","728점","Lv7","IM2","1.4개","2.7개","1.2회","1.7회","1.8회","1.7회"
"(주)디에이피","고졸","-","-","-","IL","-","1.7개","-","-","1회","1회"
"(주)디에이피","초대졸","3.71/4.5","-","-","-","-","2.3개","1회","1회","3회","1회"
"(주)디에이피","대졸","3.4/4.5","753점","Lv6","IL","1개","2.2개","1.5회","2회","2회","1.8회"
"유아이엘(주)","대졸","3.47/4.5","741점","Lv6","-","-","2.1개","1.2회","3회","1회","1회"
"자화전자(주)","고졸","-","-","-","-","-","1.7개","-","-","-","-"
"자화전자(주)","초대졸","3.46/4.5","-","-","-","-","1.7개","-","-","1회","-"
"자화전자(주)","대졸","3.48/4.5","723점","-","IM2","1.3개","1.8개","1.1회","1회","-","2회"
"(주)골프존","고졸","-","-","-","-","-","1.7개","1회","-","-","-"
"(주)골프존","초대졸","3.59/4.5","600점","-","-","-","2.6개","1회","-","1회","1회"
"(주)골프존","대졸","3.58/4.5","737점","Lv7","IM3","1.2개","2.5개","1.1회","1회","1회","2회"
"(주)웹젠","대졸","3.49/4.5","678점","Lv6","IM2","1개","1.4개","1회","1회","1회","2회"
"이니텍(주)","초대졸","3.4/4.5","-","-","-","-","1.4개","1회","-","-","-"
"이니텍(주)","대졸","3.41/4.5","802점","Lv6","IM2","-","2.4개","1.3회","2.5회","1회","2.5회"
"(주)네오위즈","대학원졸","3.92/4.5","990점","-","IM2","1개","2개","1.4회","1회","1.5회","1.5회"
"(주)네오위즈","초대졸","3.72/4.5","-","-","-","1개","2.6개","1회","-","1.5회","3회"
"(주)네오위즈","대졸","3.52/4.5","809점","Lv7","IM2","1.1개","2.5개","1.3회","1.3회","1.9회","1.6회"
"유비벨록스(주)","대학원졸","4/4.5","820점","Lv5","IL","1개","2.4개","1.6회","-","1.8회","1.5회"
"유비벨록스(주)","초대졸","3.44/4.5","625점","-","-","-","2.5개","-","-","3회","-"
"유비벨록스(주)","대졸","3.53/4.5","768점","Lv6","IM2","1개","2개","1.1회","1회","1.4회","2.3회"
"(주)티에스이","초대졸","3.64/4.5","-","-","-","-","2.2개","1회","-","1회","1회"
"(주)티에스이","대졸","3.44/4.5","738점","-","IL","1개","2.1개","1.5회","3회","3회","1회"
"(주)귀뚜라미","대졸","3.42/4.5","733점","-","IL","2개","2.4개","1.5회","2회","1.7회","2.5회"
"(주)미코","대졸","3.48/4.5","729점","-","IM1","-","2.8개","1회","-","-","1.5회"
"한국알박(주)","고졸","-","-","-","-","1개","1.1개","-","-","-","-"
"한국알박(주)","초대졸","3.77/4.5","495점","-","-","1.1개","2.1개","1회","1회","1회","-"
"한국알박(주)","대졸","3.47/4.5","741점","-","IM1","1.3개","2.3개","1.4회","2회","1.8회","1.3회"
"(주)연합뉴스","고졸","-","-","-","-","-","1.9개","-","-","-","1회"
"(주)연합뉴스","대학원졸","4.1/4.5","902점","-","-","1.3개","2개","1.1회","2회","1회","-"
"(주)연합뉴스","초대졸","3.76/4.5","647점","-","-","1.5개","2.5개","1회","1회","1회","2.2회"
"(주)연합뉴스","대졸","3.52/4.5","856점","Lv7","IM3","1.5개","2.1개","1.2회","1.7회","1.6회","1.5회"
"에스케이 플래닛(주)","대졸","3.59/4.5","827점","Lv6","IM2","1개","1.8개","1.2회","1.1회","1.5회","1.3회"
"(주)토비스","초대졸","3.71/4.5","-","-","-","-","2.9개","-","1회","-","-"
"(주)토비스","대졸","3.51/4.5","777점","Lv6","IL","1.4개","1.7개","1.3회","1회","1회","2.5회"
"현대엠엔소프트(주)","대학원졸","4.2/4.5","806점","Lv6","IM1","1개","1.5개","1.5회","-","3.6회","3회"
"현대엠엔소프트(주)","대졸","3.42/4.5","874점","Lv6","IM2","1.3개","2.3개","1.9회","1.2회","1.2회","1.8회"
"성지산업주식회사","고졸","-","-","-","-","-","1개","-","-","2회","1회"
"성지산업주식회사","초대졸","3.57/4.5","-","-","-","-","2.8개","-","-","-","-"
"성지산업주식회사","대졸","3.43/4.5","748점","-","IL","1개","2.2개","1.4회","2.5회","1회","2회"
"(주) DB Inc.","대졸","3.46/4.5","822점","Lv7","IM2","1개","2.2개","1.6회","1회","3.5회","1.5회"
"주식회사 삼광","대졸","3.42/4.5","779점","-","IH","1개","2.2개","1.4회","1.2회","2.3회","1.3회"
"(주)알에프텍","고졸","-","-","-","-","-","1.5개","-","-","-","-"
"(주)알에프텍","대졸","3.68/4.5","663점","Lv6","-","1개","2.6개","1.3회","2회","3회","2회"
"(주)에스에너지","고졸","-","-","-","-","1개","2개","1회","2회","-","-"
"(주)에스에너지","초대졸","3.78/4.5","-","-","IM2","-","1.8개","1회","-","1.7회","-"
"(주)에스에너지","대졸","3.48/4.5","815점","Lv6","IM3","1.2개","2.1개","1.1회","1.8회","1.5회","2회"
"(주)농협정보시스템","대졸","3.45/4.5","764점","Lv6","IM2","1개","3개","1.3회","1회","1.5회","2.5회"
"부전전자(주)","초대졸","3.71/4.5","-","-","-","-","2.2개","2회","-","2회","1회"
"부전전자(주)","대졸","3.5/4.5","687점","Lv6","IM2","1개","1.8개","1.4회","1.3회","1.7회","1.4회"
"(주)한성","초대졸","3.63/4.5","665점","-","IH","-","1.8개","1회","1.7회","-","2.5회"
"(주)한성","대졸","3.63/4.5","778점","-","IH","1개","2.5개","1.3회","-","1회","3회"
"(주)다원시스","대졸","3.6/4.5","740점","-","-","1개","1.4개","1.3회","1.5회","1.5회","1회"
"카페24(주)","고졸","-","-","-","-","-","2.4개","-","-","1회","-"
"카페24(주)","대학원졸","4.09/4.5","655점","Lv6","IL","1개","1.8개","1.4회","2회","2.7회","2.6회"
"카페24(주)","초대졸","3.7/4.5","-","-","-","1.4개","2개","1.3회","1.5회","2.3회","2.2회"
"카페24(주)","대졸","3.52/4.5","811점","Lv6","IM1","1.2개","2.2개","1.2회","1.6회","1.6회","2.2회"
"(주)지니뮤직","대졸","3.56/4.5","773점","Lv5","IM3","1개","2.2개","1회","1회","1.5회","1.8회"
"(주)야놀자","초대졸","3.72/4.5","763점","-","IM2","1개","2개","1회","2회","2회","1회"
"(주)야놀자","대졸","3.52/4.5","768점","Lv6","IM2","1개","2.1개","1.3회","1.9회","2.1회","1.8회"
"삼화콘덴서공업(주)","고졸","-","-","-","-","-","1.4개","-","-","-","-"
"삼화콘덴서공업(주)","초대졸","3.5/4.5","-","-","-","-","2.7개","1회","-","-","-"
"삼화콘덴서공업(주)","대졸","3.58/4.5","771점","Lv6","IM2","1.3개","2.4개","1.3회","1.8회","3.5회","1.3회"
"갤럭시아디바이스 (주)","고졸","-","-","-","-","1개","2.3개","-","-","-","-"
"갤럭시아디바이스 (주)","초대졸","3.76/4.5","-","-","-","1개","2.2개","1회","2회","-","1회"
"갤럭시아디바이스 (주)","대졸","3.35/4.5","735점","-","-","1개","1.8개","1회","-","1.5회","1.5회"
"(주)인성정보","대졸","3.34/4.5","578점","-","-","1개","2.6개","1회","1.5회","2.5회","2.5회"
"제이씨현시스템(주)","고졸","-","-","-","-","-","2개","-","-","-","1회"
"제이씨현시스템(주)","초대졸","3.65/4.5","-","-","-","-","2.1개","-","-","-","-"
"제이씨현시스템(주)","대졸","3.36/4.5","748점","-","-","1.3개","1.7개","1.7회","1회","4.7회","1.2회"
"(주)콤텍시스템","초대졸","3.62/4.5","-","-","-","2개","2.7개","1회","-","1회","-"
"(주)콤텍시스템","대졸","3.49/4.5","695점","Lv6","-","1개","2.7개","1회","1회","2회","4회"
"주식회사 하나금융티아이","고졸","-","-","-","-","-","1.3개","-","-","-","-"
"주식회사 하나금융티아이","초대졸","3.64/4.5","-","-","-","-","1.8개","-","1.8회","-","1.3회"
"주식회사 하나금융티아이","대졸","3.51/4.5","773점","Lv6","IM2","1개","2개","1회","1.3회","1.3회","1.7회"
"(주)다나와","고졸","-","-","-","-","-","2개","1회","-","-","-"
"(주)다나와","대학원졸","4.06/4.5","790점","-","-","1개","1.8개","1.7회","-","2회","1.7회"
"(주)다나와","초대졸","3.67/4.5","-","-","-","1개","2.3개","1회","1.5회","1.8회","2회"
"(주)다나와","대졸","3.42/4.5","711점","Lv6","IM2","1개","2.2개","1.1회","1.4회","1.7회","1.2회"
"주식회사 오성사","고졸","-","-","-","-","-","2.1개","-","-","-","-"
"주식회사 오성사","초대졸","3.6/4.5","514점","-","-","-","2개","-","-","2회","1회"
"주식회사 오성사","대졸","3.49/4.5","736점","Lv6","IM3","1개","2.2개","1.5회","1회","3.5회","2.5회"
"(주)다날","초대졸","3.75/4.5","-","-","-","1개","2.7개","-","3회","-","-"
"(주)다날","대졸","3.42/4.5","811점","Lv6","IM3","1.3개","1.8개","1.4회","1회","2.1회","1.8회"
"넥스콘테크놀러지 주식회사","고졸","-","-","-","-","-","2.1개","1회","-","1회","-"
"넥스콘테크놀러지 주식회사","초대졸","3.57/4.5","-","-","-","-","2.2개","-","-","1회","-"
"넥스콘테크놀러지 주식회사","대졸","3.54/4.5","725점","Lv6","IM2","1.6개","2.4개","1.1회","1.5회","1.8회","1.9회"
"(주)매일방송","초대졸","3.78/4.5","-","-","-","1.7개","2.5개","1.7회","-","3회","1회"
"(주)매일방송","대졸","3.52/4.5","765점","Lv8","IL","1개","1.7개","1.3회","-","3.7회","-"
"(주)드림어스컴퍼니","초대졸","3.38/4.5","-","-","-","-","1.7개","-","-","-","-"
"(주)드림어스컴퍼니","대졸","3.44/4.5","767점","Lv6","IH","1개","1.9개","1회","2회","1.7회","1.4회"
"(주)아모텍","고졸","-","-","-","-","-","1.5개","1회","-","-","-"
"(주)아모텍","대학원졸","4.19/4.5","707점","Lv5","-","1개","1.5개","2회","-","2회","2.7회"
"(주)아모텍","초대졸","3.6/4.5","-","-","-","1개","1.9개","1.7회","-","1회","1.7회"
"(주)아모텍","대졸","3.54/4.5","787점","Lv6","IM3","1.1개","2개","1.3회","1.1회","1회","1.6회"
"에스맥(주)","고졸","-","-","-","-","1개","2개","-","-","-","-"
"에스맥(주)","초대졸","3.87/4.5","-","-","-","-","1.8개","-","-","1회","-"
"에스맥(주)","대졸","3.56/4.5","510점","-","IL","1.3개","1.5개","2회","1.5회","1회","2.5회"
"글로텍 주식회사","고졸","-","-","-","-","1개","2.3개","1회","-","-","-"
"글로텍 주식회사","대학원졸","4.15/4.5","893점","Lv6","IH","1.5개","2개","1.8회","1회","1회","5회"
"글로텍 주식회사","초대졸","3.5/4.5","-","-","-","-","2.6개","1회","-","-","-"
"글로텍 주식회사","대졸","3.63/4.5","848점","Lv6","IM3","1.3개","1.8개","1.8회","1.8회","2.3회","2.1회"
"(주)동진","고졸","-","-","-","-","-","2.2개","-","-","3회","-"
"(주)동진","대학원졸","4.03/4.5","733점","Lv6","IM1","1.5개","1.8개","1.5회","2회","2회","2.8회"
"(주)동진","초대졸","3.43/4.5","510점","-","NH","-","2개","1회","-","1회","2회"
"(주)동진","대졸","3.52/4.5","731점","Lv6","IL","1.2개","2.3개","1.4회","1.3회","1회","1.8회"
"(주)시노펙스","고졸","-","-","-","-","-","1.5개","-","-","-","-"
"(주)시노펙스","초대졸","3.57/4.5","720점","-","-","1개","2.5개","2회","-","-","-"
"(주)시노펙스","대졸","3.47/4.5","763점","Lv7","IM2","1개","2개","1.4회","1회","1.8회","2.3회"
"에스케이엠앤서비스(주)","고졸","-","-","-","-","2개","2.1개","1회","-","-","-"
"에스케이엠앤서비스(주)","초대졸","3.59/4.5","-","-","-","-","2.5개","1.5회","1회","-","1회"
"에스케이엠앤서비스(주)","대졸","3.47/4.5","752점","Lv6","IL","1.3개","2.1개","1.1회","1.5회","1.1회","1.8회"
"해성옵틱스(주)","고졸","-","-","-","-","-","1.9개","-","2회","-","-"
"해성옵틱스(주)","초대졸","3.7/4.5","-","-","-","1개","3개","1회","4회","-","1.3회"
"해성옵틱스(주)","대졸","3.57/4.5","655점","-","-","1개","2.6개","2회","-","-","-"
"한국성전(주)","고졸","-","-","-","-","-","3개","-","-","-","-"
"한국성전(주)","초대졸","3.71/4.5","-","-","-","1개","2.3개","-","-","-","-"
"한국성전(주)","대졸","3.39/4.5","668점","-","-","1개","1.9개","1.5회","1회","1회","1회"
"(주)에이스테크놀로지","고졸","-","-","-","-","-","1.2개","-","-","-","-"
"(주)에이스테크놀로지","대학원졸","4.1/4.5","733점","Lv6","IH","1개","2.3개","1회","-","1회","1회"
"(주)에이스테크놀로지","초대졸","3.43/4.5","-","-","-","1개","2.1개","1회","-","-","1회"
"(주)에이스테크놀로지","대졸","3.5/4.5","813점","-","-","1개","1.9개","1.7회","1회","2회","3회"
"주식회사 엘비루셈","고졸","-","-","-","-","-","2.1개","-","-","-","-"
"주식회사 엘비루셈","초대졸","3.68/4.5","350점","-","-","2개","2.6개","2회","-","1회","-"
"주식회사 엘비루셈","대졸","3.68/4.5","744점","Lv6","IL","1개","2.4개","1.4회","1.3회","2회","1.5회"
"주식회사 티머니","초대졸","3.4/4.5","635점","Lv6","-","1개","2.3개","1회","1회","1회","1회"
"주식회사 티머니","대졸","3.65/4.5","833점","Lv8","IM3","1개","1.8개","1.2회","2회","2회","1.8회"
"시그네틱스(주)","고졸","-","-","-","-","1개","1.9개","1회","1회","1회","1.7회"
"시그네틱스(주)","초대졸","3.6/4.5","502점","-","IM1","1개","2.1개","1.3회","2회","2.3회","1.3회"
"시그네틱스(주)","대졸","3.51/4.5","743점","Lv6","IM2","1.6개","2개","1.1회","1.3회","1.2회","1.6회"
"슈나이더일렉트릭코리아 주식회사","대졸","3.64/4.5","886점","Lv6","IH","1개","1.5개","2회","1.5회","1회","1.3회"
"삼영전자공업(주)","고졸","-","-","-","-","1개","1.8개","-","2회","5회","-"
"삼영전자공업(주)","초대졸","3.56/4.5","-","-","-","1.5개","2.2개","1회","-","-","1회"
"삼영전자공업(주)","대졸","3.59/4.5","839점","Lv6","-","1.5개","1.8개","1.1회","1회","2회","1회"
"(주)지에스아이티엠","대졸","3.58/4.5","738점","Lv6","IM3","-","2.7개","1.5회","1회","1.3회","1회"
"넥상스코리아(주)","대졸","3.31/4.5","827점","Lv6","-","1개","2.6개","1.4회","-","-","-"
"(주)파세코","고졸","-","-","-","-","-","1.7개","-","-","-","-"
"(주)파세코","초대졸","3.45/4.5","-","-","-","-","2개","-","2회","2회","1회"
"(주)파세코","대졸","3.44/4.5","624점","-","-","1개","1.9개","1.5회","1회","-","1회"
"(주)휴니드테크놀러지스","대졸","3.47/4.5","846점","Lv5","IL","-","1.9개","1회","2회","2회","1.5회"
"팅크웨어(주)","고졸","-","-","-","-","1개","1.4개","-","-","-","1회"
"팅크웨어(주)","대학원졸","4.19/4.5","758점","-","IM1","1개","2개","1.2회","-","1.5회","2회"
"팅크웨어(주)","초대졸","3.5/4.5","465점","-","-","1개","2.2개","1.4회","1회","1.5회","1.4회"
"팅크웨어(주)","대졸","3.48/4.5","724점","Lv6","IM2","1.1개","2.2개","1.4회","2.1회","1.7회","2회"
"(주)아프리카티비","대졸","3.48/4.5","697점","Lv6","IM2","1.5개","2.4개","1.5회","1.4회","2.4회","3.1회"
"(주)우주일렉트로닉스","고졸","-","-","-","-","-","2.6개","1회","1회","5회","1회"
"(주)우주일렉트로닉스","대학원졸","4.03/4.5","735점","Lv5","IM2","1개","2.4개","1.5회","1회","1.8회","2.2회"
"(주)우주일렉트로닉스","초대졸","3.67/4.5","505점","-","IH","1개","2.5개","1.5회","1.5회","2회","1회"
"(주)우주일렉트로닉스","대졸","3.46/4.5","845점","Lv6","IM2","1개","2개","1.2회","1.2회","2.2회","1.9회"
"아시아나아이디티(주)","대졸","3.65/4.5","841점","Lv6","IM1","-","1.5개","1.3회","1.2회","2회","1회"
"라인플러스 주식회사","대졸","3.65/4.5","894점","Lv7","IM3","1.3개","1.8개","1.2회","1.2회","1.3회","1.7회"
"(주)코텍","고졸","-","-","-","-","-","2개","-","-","-","-"
"(주)코텍","대졸","3.54/4.5","765점","Lv5","IM2","1.7개","2개","1.5회","1회","-","2회"
"주식회사에스코넥","고졸","-","845점","-","-","-","1개","1회","-","-","4회"
"주식회사에스코넥","초대졸","3.65/4.5","-","-","-","-","2.1개","1회","-","1회","1회"
"주식회사에스코넥","대졸","3.37/4.5","813점","Lv5","IL","1.5개","2.1개","1회","-","1.5회","1회"
"(주)케이에이치바텍","대졸","3.44/4.5","767점","-","-","1개","2.5개","1.4회","-","-","-"
"주식회사 아이비케이시스템","대졸","3.8/4.5","759점","Lv6","IM3","1개","2.3개","1회","1회","1.4회","1.5회"
"(주)유라테크","대졸","3.61/4.5","813점","Lv6","IM2","1개","3개","1.1회","-","-","2회"
"(주)안랩","대학원졸","4/4.5","836점","Lv6","IM2","-","2.1개","1.4회","1회","1회","2.5회"
"(주)안랩","초대졸","3.51/4.5","-","-","-","1개","2.5개","1회","-","2회","-"
"(주)안랩","대졸","3.52/4.5","779점","Lv6","IM1","1개","2.4개","1.2회","1.6회","1.8회","1.7회"
"동국시스템즈 주식회사","대졸","3.41/4.5","668점","Lv4","IL","-","1.8개","1.5회","-","1회","2.5회"
"주식회사 채널에이","대졸","3.53/4.5","960점","-","IM1","1.5개","1.3개","1회","1회","-","2회"
"(주)정원엔시스","대졸","3.47/4.5","741점","Lv6","-","1개","2.7개","1회","1회","2회","2.3회"
"엘티소재(주)","고졸","-","-","-","-","-","2개","-","-","-","-"
"엘티소재(주)","초대졸","3.79/4.5","-","-","-","1개","2.4개","2회","-","2회","1.5회"
"엘티소재(주)","대졸","3.69/4.5","800점","-","IH","1.3개","2.3개","1.6회","1.7회","3회","2.3회"
"(주)파인테크닉스","고졸","-","-","-","-","-","1.9개","-","-","-","-"
"(주)파인테크닉스","초대졸","3.43/4.5","-","-","-","-","1.7개","-","1회","-","1회"
"(주)파인테크닉스","대졸","3.52/4.5","725점","-","IM2","1.1개","2.2개","1.4회","1.3회","2회","1.7회"
"한국요꼬가와전기주식회사","고졸","-","-","-","-","-","2개","-","-","-","-"
"한국요꼬가와전기주식회사","초대졸","3.5/4.5","595점","-","IL","-","2.4개","1회","2회","2회","1회"
"한국요꼬가와전기주식회사","대졸","3.38/4.5","816점","Lv6","IM3","1개","1.4개","1회","1회","2회","2회"
"(주)가비아","초대졸","3.75/4.5","-","-","-","-","2.2개","1회","3회","1회","1회"
"(주)가비아","대졸","3.35/4.5","816점","Lv6","IH","1개","2개","1.1회","1.3회","1.8회","3회"
"(주)에프에스티","고졸","-","-","-","-","-","2.6개","-","-","-","-"
"(주)에프에스티","초대졸","3.68/4.5","-","-","-","1개","2.4개","-","1회","2.3회","1.5회"
"(주)에프에스티","대졸","3.05/4.5","626점","-","-","1개","2.1개","2.5회","-","2회","-"
"(주)조이시티","대졸","3.37/4.5","731점","-","-","1개","2.1개","1.2회","1.5회","1회","1회"
"(주)신한디에스","대졸","3.46/4.5","778점","Lv6","IM2","1개","2.8개","2회","1.3회","1.6회","1.8회"
"(주)디아이","고졸","-","-","-","-","-","2.1개","-","-","-","2회"
"(주)디아이","대학원졸","4.11/4.5","900점","-","IM2","1.1개","1.8개","1.4회","1회","2.3회","1.7회"
"(주)디아이","초대졸","3.39/4.5","643점","-","IM1","1개","2개","1회","-","1.7회","1회"
"(주)디아이","대졸","3.71/4.5","803점","Lv6","IM3","1.4개","2.1개","1.3회","1.2회","1.8회","1.8회"
"리모트솔루션 주식회사","대졸","3.25/4.5","780점","Lv5","-","1개","2.3개","1.3회","-","1회","1회"
"(주)오픈베이스","대졸","3.47/4.5","739점","Lv6","IM2","1.3개","2.1개","1.2회","1.5회","1회","1.8회"
"리디 주식회사","대졸","3.57/4.5","865점","Lv7","IM3","1개","2.1개","1회","1회","1.6회","1.6회"
"주식회사 오토닉스","고졸","-","-","-","-","-","2.8개","-","-","-","-"
"주식회사 오토닉스","초대졸","3.81/4.5","-","-","-","1개","2.5개","1회","-","-","-"
"주식회사 오토닉스","대졸","3.51/4.5","772점","Lv6","IM2","1.2개","1.8개","1.5회","1.2회","1.2회","1.9회"
"(주)에스비에스콘텐츠허브","대졸","3.51/4.5","803점","Lv6","-","1개","1.3개","1회","-","2회","2회"
"현우산업(주)","고졸","-","-","-","-","-","1.7개","1회","-","1회","1회"
"현우산업(주)","초대졸","3.44/4.5","-","-","-","1개","2.1개","1회","3회","-","1회"
"현우산업(주)","대졸","3.38/4.5","680점","-","-","-","2.2개","1.5회","-","1.5회","1회"
"한국후지쯔주식회사","대졸","3.53/4.5","810점","Lv6","IH","1.3개","2개","1.2회","-","2회","3회"
"(주)아이디스","고졸","-","-","-","-","-","1.7개","-","-","-","-"
"(주)아이디스","초대졸","3.7/4.5","465점","-","-","1개","1.5개","1회","-","-","1회"
"(주)아이디스","대졸","3.49/4.5","841점","Lv6","AL","1.5개","2개","1회","1회","1.2회","1.5회"
"광전자(주)","고졸","-","-","-","-","-","1.8개","-","-","4회","1회"
"광전자(주)","초대졸","3.73/4.5","-","-","-","-","2.3개","1회","-","1회","3회"
"광전자(주)","대졸","3.71/4.5","772점","-","IL","1.1개","2.1개","1.3회","1회","1회","1.5회"
"(주)케이비데이타시스템","대졸","3.64/4.5","807점","Lv6","IM3","-","2.2개","1회","1회","2회","1회"
"현대정보기술(주)","대학원졸","3.93/4.5","730점","-","-","1개","2개","1.8회","-","1회","-"
"현대정보기술(주)","초대졸","3.4/4.5","-","-","-","-","2.6개","-","-","-","-"
"현대정보기술(주)","대졸","3.48/4.5","737점","Lv5","IM2","1개","2.3개","1.4회","1.2회","1.2회","1.9회"
"(주)링네트","대졸","3.42/4.5","681점","Lv5","IM1","1개","3개","1.5회","-","4회","1.8회"
"(주)뉴프렉스","고졸","-","-","-","-","-","1.5개","1회","-","-","1회"
"(주)뉴프렉스","초대졸","3.64/4.5","575점","-","-","1개","2.1개","2회","3회","1회","1.7회"
"(주)뉴프렉스","대졸","3.44/4.5","761점","Lv5","IM3","1.3개","2개","1.1회","2.3회","1회","2회"
"주식회사 세일사","대졸","3.62/4.5","789점","-","IM3","1.4개","2개","1.4회","2.3회","1.5회","1회"
"(주)신신사","고졸","-","-","-","-","-","1.6개","-","-","-","-"
"(주)신신사","초대졸","3.75/4.5","325점","-","-","-","1.8개","-","-","-","2회"
"(주)신신사","대졸","3.23/4.5","783점","Lv6","-","1개","3.3개","1회","1회","-","2회"
"(주)아이엠","대졸","3.67/4.5","762점","-","IM2","1개","2.1개","1.3회","1회","1.8회","1회"
"(주)유클릭","대졸","3.62/4.5","700점","-","IL","1개","2.2개","1회","1회","-","1회"
"코나아이(주)","대학원졸","3.94/4.5","818점","-","IL","3개","2.4개","1.5회","-","1회","2.7회"
"코나아이(주)","대졸","3.48/4.5","838점","Lv6","IM2","1개","1.8개","1.4회","1회","2회","1.6회"
"주식회사 씨엠비","대졸","3.34/4.5","648점","Lv6","IM2","1개","2개","1.3회","1회","-","1회"
"(주)로옴코리아","고졸","-","-","-","-","-","1.6개","-","-","-","-"
"(주)로옴코리아","대졸","3.31/4.5","750점","-","-","1.5개","2.4개","1회","-","-","-"
"(주)E&T","고졸","-","-","-","-","-","2.2개","-","-","-","-"
"(주)E&T","초대졸","3.62/4.5","-","-","-","1.8개","2.2개","1.3회","1.3회","1회","2.6회"
"(주)E&T","대졸","3.6/4.5","827점","Lv6","IH","1개","2.2개","1.2회","1.2회","1.6회","1.7회"
"(주)게임빌","고졸","-","820점","-","-","-","5개","1회","-","-","-"
"(주)게임빌","초대졸","3.7/4.5","-","-","-","2개","2.3개","1회","-","-","-"
"(주)게임빌","대졸","3.51/4.5","871점","Lv7","IM3","1.2개","2.1개","1.1회","1.5회","2.2회","2.7회"
"(주)와이티엔","초대졸","3.63/4.5","-","-","-","1개","2개","1회","-","1회","-"
"(주)와이티엔","대졸","3.5/4.5","768점","Lv6","IM1","1개","2.1개","1.4회","3회","3회","1.8회"
